item_id,rag,annotator_id,funny,political,annotator_group
def_non_rag_23,0,A1,1,3,finnish
def_non_rag_94,0,A1,1,1,finnish
def_rag_83,1,A1,1,1,finnish
def_non_rag_72,0,A1,2,1,finnish
def_rag_72,1,A1,2,1,finnish
def_non_rag_65,0,A1,2,5,finnish
def_rag_12,1,A1,1,1,finnish
def_rag_63,1,A1,1,1,finnish
def_rag_32,1,A1,1,1,finnish
def_rag_82,1,A1,1,3,finnish
def_rag_87,1,A1,1,3,finnish
def_rag_98,1,A1,1,2,finnish
def_non_rag_68,0,A1,3,5,finnish
def_non_rag_89,0,A1,1,1,finnish
def_rag_17,1,A1,3,4,finnish
def_rag_4,1,A1,2,5,finnish
def_rag_6,1,A1,2,3,finnish
def_non_rag_6,0,A1,2,3,finnish
def_rag_29,1,A1,2,5,finnish
def_non_rag_98,0,A1,1,2,finnish
def_non_rag_58,0,A1,1,1,finnish
def_rag_39,1,A1,2,5,finnish
def_rag_55,1,A1,1,5,finnish
def_rag_85,1,A1,1,4,finnish
def_non_rag_20,0,A1,1,5,finnish
def_non_rag_18,0,A1,1,2,finnish
def_rag_78,1,A1,1,5,finnish
def_rag_47,1,A1,1,1,finnish
def_non_rag_36,0,A1,1,2,finnish
def_rag_68,1,A1,3,5,finnish
def_non_rag_32,0,A1,1,1,finnish
def_non_rag_26,0,A1,1,1,finnish
def_non_rag_69,0,A1,1,1,finnish
def_rag_5,1,A1,1,5,finnish
def_non_rag_52,0,A1,1,1,finnish
def_non_rag_4,0,A1,2,5,finnish
def_rag_80,1,A1,1,1,finnish
def_non_rag_44,0,A1,1,5,finnish
def_non_rag_28,0,A1,2,5,finnish
def_rag_14,1,A1,1,3,finnish
def_non_rag_90,0,A1,1,1,finnish
def_rag_28,1,A1,2,5,finnish
def_non_rag_95,0,A1,1,1,finnish
def_non_rag_3,0,A1,1,3,finnish
def_non_rag_55,0,A1,1,5,finnish
def_non_rag_87,0,A1,1,3,finnish
def_non_rag_63,0,A1,1,1,finnish
def_non_rag_76,0,A1,2,1,finnish
def_rag_91,1,A1,1,3,finnish
def_non_rag_29,0,A1,2,5,finnish
def_rag_76,1,A1,2,1,finnish
def_non_rag_15,0,A1,3,1,finnish
def_non_rag_14,0,A1,1,3,finnish
def_rag_65,1,A1,2,5,finnish
def_rag_36,1,A1,1,2,finnish
def_rag_25,1,A1,1,5,finnish
def_rag_95,1,A1,1,1,finnish
def_rag_44,1,A1,1,5,finnish
def_rag_30,1,A1,2,5,finnish
def_non_rag_39,0,A1,2,5,finnish
def_rag_96,1,A1,1,4,finnish
def_non_rag_100,0,A1,1,1,finnish
def_rag_58,1,A1,1,1,finnish
def_non_rag_85,0,A1,1,4,finnish
def_rag_54,1,A1,1,1,finnish
def_non_rag_80,0,A1,1,1,finnish
def_rag_26,1,A1,1,1,finnish
def_rag_20,1,A1,1,5,finnish
def_non_rag_21,0,A1,1,1,finnish
def_non_rag_47,0,A1,1,1,finnish
def_non_rag_25,0,A1,1,5,finnish
def_non_rag_78,0,A1,1,5,finnish
def_rag_1,1,A1,1,3,finnish
def_rag_90,1,A1,1,1,finnish
def_rag_100,1,A1,1,1,finnish
def_non_rag_96,0,A1,1,4,finnish
def_non_rag_7,0,A1,1,1,finnish
def_rag_89,1,A1,1,1,finnish
def_rag_3,1,A1,1,3,finnish
def_non_rag_1,0,A1,1,3,finnish
def_non_rag_91,0,A1,1,3,finnish
def_rag_69,1,A1,1,1,finnish
def_non_rag_30,0,A1,2,5,finnish
def_non_rag_5,0,A1,1,5,finnish
def_non_rag_82,0,A1,1,3,finnish
def_rag_94,1,A1,1,1,finnish
def_non_rag_70,0,A1,2,1,finnish
def_rag_15,1,A1,3,1,finnish
def_non_rag_12,0,A1,1,1,finnish
def_non_rag_59,0,A1,2,2,finnish
def_non_rag_17,0,A1,3,4,finnish
def_rag_7,1,A1,1,1,finnish
def_rag_59,1,A1,2,2,finnish
def_rag_23,1,A1,1,3,finnish
def_rag_70,1,A1,2,1,finnish
def_rag_21,1,A1,1,1,finnish
def_non_rag_83,0,A1,1,1,finnish
def_rag_18,1,A1,1,2,finnish
def_rag_52,1,A1,1,1,finnish
def_non_rag_54,0,A1,1,1,finnish
def_non_rag_23,0,A2,2,3,finnish
def_non_rag_94,0,A2,4,1,finnish
def_rag_83,1,A2,3,1,finnish
def_non_rag_72,0,A2,3,3,finnish
def_rag_72,1,A2,3,3,finnish
def_non_rag_65,0,A2,4,2,finnish
def_rag_12,1,A2,4,5,finnish
def_rag_63,1,A2,2,1,finnish
def_rag_32,1,A2,2,1,finnish
def_rag_82,1,A2,2,4,finnish
def_rag_87,1,A2,4,3,finnish
def_rag_98,1,A2,2,1,finnish
def_non_rag_68,0,A2,4,5,finnish
def_non_rag_89,0,A2,4,1,finnish
def_rag_17,1,A2,5,5,finnish
def_rag_4,1,A2,2,4,finnish
def_rag_6,1,A2,5,2,finnish
def_non_rag_6,0,A2,5,2,finnish
def_rag_29,1,A2,3,4,finnish
def_non_rag_98,0,A2,2,1,finnish
def_non_rag_58,0,A2,2,1,finnish
def_rag_39,1,A2,2,5,finnish
def_rag_55,1,A2,5,5,finnish
def_rag_85,1,A2,2,3,finnish
def_non_rag_20,0,A2,1,4,finnish
def_non_rag_18,0,A2,3,1,finnish
def_rag_78,1,A2,2,2,finnish
def_rag_47,1,A2,5,1,finnish
def_non_rag_36,0,A2,3,2,finnish
def_rag_68,1,A2,4,5,finnish
def_non_rag_32,0,A2,2,1,finnish
def_non_rag_26,0,A2,2,4,finnish
def_non_rag_69,0,A2,4,1,finnish
def_rag_5,1,A2,2,4,finnish
def_non_rag_52,0,A2,4,1,finnish
def_non_rag_4,0,A2,2,4,finnish
def_rag_80,1,A2,1,3,finnish
def_non_rag_44,0,A2,3,4,finnish
def_non_rag_28,0,A2,3,5,finnish
def_rag_14,1,A2,5,5,finnish
def_non_rag_90,0,A2,3,2,finnish
def_rag_28,1,A2,3,5,finnish
def_non_rag_95,0,A2,2,1,finnish
def_non_rag_3,0,A2,2,2,finnish
def_non_rag_55,0,A2,5,5,finnish
def_non_rag_87,0,A2,4,3,finnish
def_non_rag_63,0,A2,2,1,finnish
def_non_rag_76,0,A2,2,1,finnish
def_rag_91,1,A2,1,2,finnish
def_non_rag_29,0,A2,3,4,finnish
def_rag_76,1,A2,2,1,finnish
def_non_rag_15,0,A2,1,2,finnish
def_non_rag_14,0,A2,5,5,finnish
def_rag_65,1,A2,4,2,finnish
def_rag_36,1,A2,3,2,finnish
def_rag_25,1,A2,2,5,finnish
def_rag_95,1,A2,2,1,finnish
def_rag_44,1,A2,3,4,finnish
def_rag_30,1,A2,4,3,finnish
def_non_rag_39,0,A2,2,5,finnish
def_rag_96,1,A2,2,4,finnish
def_non_rag_100,0,A2,3,1,finnish
def_rag_58,1,A2,2,1,finnish
def_non_rag_85,0,A2,2,3,finnish
def_rag_54,1,A2,2,2,finnish
def_non_rag_80,0,A2,1,3,finnish
def_rag_26,1,A2,2,4,finnish
def_rag_20,1,A2,1,4,finnish
def_non_rag_21,0,A2,2,1,finnish
def_non_rag_47,0,A2,5,1,finnish
def_non_rag_25,0,A2,2,5,finnish
def_non_rag_78,0,A2,2,2,finnish
def_rag_1,1,A2,1,3,finnish
def_rag_90,1,A2,3,2,finnish
def_rag_100,1,A2,3,1,finnish
def_non_rag_96,0,A2,2,4,finnish
def_non_rag_7,0,A2,2,1,finnish
def_rag_89,1,A2,4,1,finnish
def_rag_3,1,A2,2,2,finnish
def_non_rag_1,0,A2,1,3,finnish
def_non_rag_91,0,A2,1,2,finnish
def_rag_69,1,A2,4,1,finnish
def_non_rag_30,0,A2,4,3,finnish
def_non_rag_5,0,A2,2,4,finnish
def_non_rag_82,0,A2,2,4,finnish
def_rag_94,1,A2,4,1,finnish
def_non_rag_70,0,A2,3,1,finnish
def_rag_15,1,A2,1,2,finnish
def_non_rag_12,0,A2,4,5,finnish
def_non_rag_59,0,A2,4,4,finnish
def_non_rag_17,0,A2,5,5,finnish
def_rag_7,1,A2,2,1,finnish
def_rag_59,1,A2,4,4,finnish
def_rag_23,1,A2,2,3,finnish
def_rag_70,1,A2,3,1,finnish
def_rag_21,1,A2,2,1,finnish
def_non_rag_83,0,A2,3,1,finnish
def_rag_18,1,A2,3,1,finnish
def_rag_52,1,A2,4,1,finnish
def_non_rag_54,0,A2,2,2,finnish
def_non_rag_23,0,A3,2,3,finnish
def_non_rag_94,0,A3,2,2,finnish
def_rag_83,1,A3,1,1,finnish
def_non_rag_72,0,A3,2,2,finnish
def_rag_72,1,A3,2,2,finnish
def_non_rag_65,0,A3,2,3,finnish
def_rag_12,1,A3,3,5,finnish
def_rag_63,1,A3,1,1,finnish
def_rag_32,1,A3,2,1,finnish
def_rag_82,1,A3,1,3,finnish
def_rag_87,1,A3,1,1,finnish
def_rag_98,1,A3,1,2,finnish
def_non_rag_68,0,A3,2,3,finnish
def_non_rag_89,0,A3,1,1,finnish
def_rag_17,1,A3,3,3,finnish
def_rag_4,1,A3,2,3,finnish
def_rag_6,1,A3,2,2,finnish
def_non_rag_6,0,A3,2,2,finnish
def_rag_29,1,A3,1,1,finnish
def_non_rag_98,0,A3,1,2,finnish
def_non_rag_58,0,A3,2,1,finnish
def_rag_39,1,A3,3,4,finnish
def_rag_55,1,A3,3,5,finnish
def_rag_85,1,A3,1,1,finnish
def_non_rag_20,0,A3,2,5,finnish
def_non_rag_18,0,A3,2,1,finnish
def_rag_78,1,A3,1,3,finnish
def_rag_47,1,A3,1,1,finnish
def_non_rag_36,0,A3,3,2,finnish
def_rag_68,1,A3,2,3,finnish
def_non_rag_32,0,A3,2,1,finnish
def_non_rag_26,0,A3,1,1,finnish
def_non_rag_69,0,A3,1,1,finnish
def_rag_5,1,A3,1,2,finnish
def_non_rag_52,0,A3,1,1,finnish
def_non_rag_4,0,A3,2,3,finnish
def_rag_80,1,A3,1,3,finnish
def_non_rag_44,0,A3,2,3,finnish
def_non_rag_28,0,A3,1,3,finnish
def_rag_14,1,A3,1,3,finnish
def_non_rag_90,0,A3,1,1,finnish
def_rag_28,1,A3,1,3,finnish
def_non_rag_95,0,A3,1,1,finnish
def_non_rag_3,0,A3,1,2,finnish
def_non_rag_55,0,A3,3,5,finnish
def_non_rag_87,0,A3,1,1,finnish
def_non_rag_63,0,A3,1,1,finnish
def_non_rag_76,0,A3,1,1,finnish
def_rag_91,1,A3,1,5,finnish
def_non_rag_29,0,A3,1,1,finnish
def_rag_76,1,A3,1,1,finnish
def_non_rag_15,0,A3,1,1,finnish
def_non_rag_14,0,A3,1,3,finnish
def_rag_65,1,A3,2,3,finnish
def_rag_36,1,A3,3,2,finnish
def_rag_25,1,A3,2,5,finnish
def_rag_95,1,A3,1,1,finnish
def_rag_44,1,A3,2,3,finnish
def_rag_30,1,A3,1,5,finnish
def_non_rag_39,0,A3,3,4,finnish
def_rag_96,1,A3,1,5,finnish
def_non_rag_100,0,A3,2,1,finnish
def_rag_58,1,A3,2,1,finnish
def_non_rag_85,0,A3,1,1,finnish
def_rag_54,1,A3,1,1,finnish
def_non_rag_80,0,A3,1,3,finnish
def_rag_26,1,A3,1,1,finnish
def_rag_20,1,A3,2,5,finnish
def_non_rag_21,0,A3,1,1,finnish
def_non_rag_47,0,A3,1,1,finnish
def_non_rag_25,0,A3,2,5,finnish
def_non_rag_78,0,A3,1,3,finnish
def_rag_1,1,A3,1,5,finnish
def_rag_90,1,A3,1,1,finnish
def_rag_100,1,A3,2,1,finnish
def_non_rag_96,0,A3,1,5,finnish
def_non_rag_7,0,A3,1,1,finnish
def_rag_89,1,A3,1,1,finnish
def_rag_3,1,A3,1,2,finnish
def_non_rag_1,0,A3,1,5,finnish
def_non_rag_91,0,A3,1,5,finnish
def_rag_69,1,A3,1,1,finnish
def_non_rag_30,0,A3,1,5,finnish
def_non_rag_5,0,A3,1,2,finnish
def_non_rag_82,0,A3,1,3,finnish
def_rag_94,1,A3,2,2,finnish
def_non_rag_70,0,A3,2,1,finnish
def_rag_15,1,A3,1,1,finnish
def_non_rag_12,0,A3,3,5,finnish
def_non_rag_59,0,A3,2,3,finnish
def_non_rag_17,0,A3,3,3,finnish
def_rag_7,1,A3,1,1,finnish
def_rag_59,1,A3,2,3,finnish
def_rag_23,1,A3,2,3,finnish
def_rag_70,1,A3,2,1,finnish
def_rag_21,1,A3,1,1,finnish
def_non_rag_83,0,A3,1,1,finnish
def_rag_18,1,A3,2,1,finnish
def_rag_52,1,A3,1,1,finnish
def_non_rag_54,0,A3,1,1,finnish
def_non_rag_23,0,A4,3,3,international
def_non_rag_94,0,A4,1,1,international
def_rag_83,1,A4,1,3,international
def_non_rag_72,0,A4,3,2,international
def_rag_72,1,A4,3,2,international
def_non_rag_65,0,A4,4,5,international
def_rag_12,1,A4,2,5,international
def_rag_63,1,A4,5,5,international
def_rag_32,1,A4,2,1,international
def_rag_82,1,A4,1,3,international
def_rag_87,1,A4,3,5,international
def_rag_98,1,A4,1,2,international
def_non_rag_68,0,A4,3,5,international
def_non_rag_89,0,A4,1,1,international
def_rag_17,1,A4,2,2,international
def_rag_4,1,A4,2,5,international
def_rag_6,1,A4,2,1,international
def_non_rag_6,0,A4,2,1,international
def_rag_29,1,A4,3,4,international
def_non_rag_98,0,A4,1,2,international
def_non_rag_58,0,A4,2,1,international
def_rag_39,1,A4,2,5,international
def_rag_55,1,A4,3,5,international
def_rag_85,1,A4,1,5,international
def_non_rag_20,0,A4,1,5,international
def_non_rag_18,0,A4,1,1,international
def_rag_78,1,A4,2,5,international
def_rag_47,1,A4,3,1,international
def_non_rag_36,0,A4,4,3,international
def_rag_68,1,A4,3,5,international
def_non_rag_32,0,A4,2,1,international
def_non_rag_26,0,A4,3,5,international
def_non_rag_69,0,A4,5,1,international
def_rag_5,1,A4,2,5,international
def_non_rag_52,0,A4,5,1,international
def_non_rag_4,0,A4,2,5,international
def_rag_80,1,A4,1,3,international
def_non_rag_44,0,A4,2,4,international
def_non_rag_28,0,A4,1,5,international
def_rag_14,1,A4,1,4,international
def_non_rag_90,0,A4,1,1,international
def_rag_28,1,A4,1,5,international
def_non_rag_95,0,A4,4,1,international
def_non_rag_3,0,A4,1,5,international
def_non_rag_55,0,A4,3,5,international
def_non_rag_87,0,A4,3,5,international
def_non_rag_63,0,A4,5,5,international
def_non_rag_76,0,A4,1,1,international
def_rag_91,1,A4,3,5,international
def_non_rag_29,0,A4,3,4,international
def_rag_76,1,A4,1,1,international
def_non_rag_15,0,A4,2,1,international
def_non_rag_14,0,A4,1,4,international
def_rag_65,1,A4,4,5,international
def_rag_36,1,A4,4,3,international
def_rag_25,1,A4,3,5,international
def_rag_95,1,A4,4,1,international
def_rag_44,1,A4,2,4,international
def_rag_30,1,A4,3,5,international
def_non_rag_39,0,A4,2,5,international
def_rag_96,1,A4,1,5,international
def_non_rag_100,0,A4,2,1,international
def_rag_58,1,A4,2,1,international
def_non_rag_85,0,A4,1,5,international
def_rag_54,1,A4,1,3,international
def_non_rag_80,0,A4,1,3,international
def_rag_26,1,A4,3,5,international
def_rag_20,1,A4,1,5,international
def_non_rag_21,0,A4,2,1,international
def_non_rag_47,0,A4,3,1,international
def_non_rag_25,0,A4,3,5,international
def_non_rag_78,0,A4,2,5,international
def_rag_1,1,A4,1,3,international
def_rag_90,1,A4,1,1,international
def_rag_100,1,A4,2,1,international
def_non_rag_96,0,A4,1,5,international
def_non_rag_7,0,A4,1,2,international
def_rag_89,1,A4,1,1,international
def_rag_3,1,A4,1,5,international
def_non_rag_1,0,A4,1,3,international
def_non_rag_91,0,A4,3,5,international
def_rag_69,1,A4,5,1,international
def_non_rag_30,0,A4,3,5,international
def_non_rag_5,0,A4,2,5,international
def_non_rag_82,0,A4,1,3,international
def_rag_94,1,A4,1,1,international
def_non_rag_70,0,A4,3,5,international
def_rag_15,1,A4,2,1,international
def_non_rag_12,0,A4,2,5,international
def_non_rag_59,0,A4,1,3,international
def_non_rag_17,0,A4,2,2,international
def_rag_7,1,A4,1,2,international
def_rag_59,1,A4,1,3,international
def_rag_23,1,A4,3,3,international
def_rag_70,1,A4,3,5,international
def_rag_21,1,A4,2,1,international
def_non_rag_83,0,A4,1,3,international
def_rag_18,1,A4,1,1,international
def_rag_52,1,A4,5,1,international
def_non_rag_54,0,A4,1,3,international
def_non_rag_23,0,A5,2,2,international
def_non_rag_94,0,A5,3,3,international
def_rag_83,1,A5,3,4,international
def_non_rag_72,0,A5,4,3,international
def_rag_72,1,A5,4,3,international
def_non_rag_65,0,A5,4,4,international
def_rag_12,1,A5,2,4,international
def_rag_63,1,A5,3,3,international
def_rag_32,1,A5,3,3,international
def_rag_82,1,A5,1,3,international
def_rag_87,1,A5,4,4,international
def_rag_98,1,A5,1,3,international
def_non_rag_68,0,A5,2,3,international
def_non_rag_89,0,A5,2,1,international
def_rag_17,1,A5,2,3,international
def_rag_4,1,A5,5,5,international
def_rag_6,1,A5,2,2,international
def_non_rag_6,0,A5,2,2,international
def_rag_29,1,A5,3,3,international
def_non_rag_98,0,A5,1,3,international
def_non_rag_58,0,A5,3,2,international
def_rag_39,1,A5,4,4,international
def_rag_55,1,A5,4,4,international
def_rag_85,1,A5,2,2,international
def_non_rag_20,0,A5,2,2,international
def_non_rag_18,0,A5,1,1,international
def_rag_78,1,A5,2,2,international
def_rag_47,1,A5,3,3,international
def_non_rag_36,0,A5,2,2,international
def_rag_68,1,A5,2,3,international
def_non_rag_32,0,A5,3,3,international
def_non_rag_26,0,A5,2,3,international
def_non_rag_69,0,A5,3,2,international
def_rag_5,1,A5,2,4,international
def_non_rag_52,0,A5,3,1,international
def_non_rag_4,0,A5,5,5,international
def_rag_80,1,A5,1,1,international
def_non_rag_44,0,A5,2,4,international
def_non_rag_28,0,A5,2,2,international
def_rag_14,1,A5,1,4,international
def_non_rag_90,0,A5,2,1,international
def_rag_28,1,A5,2,2,international
def_non_rag_95,0,A5,2,2,international
def_non_rag_3,0,A5,3,3,international
def_non_rag_55,0,A5,4,4,international
def_non_rag_87,0,A5,4,4,international
def_non_rag_63,0,A5,3,3,international
def_non_rag_76,0,A5,2,1,international
def_rag_91,1,A5,3,2,international
def_non_rag_29,0,A5,3,3,international
def_rag_76,1,A5,2,1,international
def_non_rag_15,0,A5,2,1,international
def_non_rag_14,0,A5,1,4,international
def_rag_65,1,A5,4,4,international
def_rag_36,1,A5,2,2,international
def_rag_25,1,A5,2,3,international
def_rag_95,1,A5,2,2,international
def_rag_44,1,A5,2,4,international
def_rag_30,1,A5,3,3,international
def_non_rag_39,0,A5,4,4,international
def_rag_96,1,A5,2,2,international
def_non_rag_100,0,A5,3,1,international
def_rag_58,1,A5,3,2,international
def_non_rag_85,0,A5,2,2,international
def_rag_54,1,A5,3,2,international
def_non_rag_80,0,A5,1,1,international
def_rag_26,1,A5,2,3,international
def_rag_20,1,A5,2,2,international
def_non_rag_21,0,A5,2,1,international
def_non_rag_47,0,A5,3,3,international
def_non_rag_25,0,A5,2,3,international
def_non_rag_78,0,A5,2,2,international
def_rag_1,1,A5,1,3,international
def_rag_90,1,A5,2,1,international
def_rag_100,1,A5,3,1,international
def_non_rag_96,0,A5,2,2,international
def_non_rag_7,0,A5,2,1,international
def_rag_89,1,A5,2,1,international
def_rag_3,1,A5,3,3,international
def_non_rag_1,0,A5,1,3,international
def_non_rag_91,0,A5,3,2,international
def_rag_69,1,A5,3,2,international
def_non_rag_30,0,A5,3,3,international
def_non_rag_5,0,A5,2,4,international
def_non_rag_82,0,A5,1,3,international
def_rag_94,1,A5,3,3,international
def_non_rag_70,0,A5,3,2,international
def_rag_15,1,A5,2,1,international
def_non_rag_12,0,A5,2,4,international
def_non_rag_59,0,A5,2,1,international
def_non_rag_17,0,A5,2,3,international
def_rag_7,1,A5,2,1,international
def_rag_59,1,A5,2,1,international
def_rag_23,1,A5,2,2,international
def_rag_70,1,A5,3,2,international
def_rag_21,1,A5,2,1,international
def_non_rag_83,0,A5,3,4,international
def_rag_18,1,A5,1,1,international
def_rag_52,1,A5,3,1,international
def_non_rag_54,0,A5,3,2,international
def_non_rag_23,0,A6,4,3,international
def_non_rag_94,0,A6,2,2,international
def_rag_83,1,A6,1,4,international
def_non_rag_72,0,A6,5,3,international
def_rag_72,1,A6,5,3,international
def_non_rag_65,0,A6,1,5,international
def_rag_12,1,A6,1,5,international
def_rag_63,1,A6,4,4,international
def_rag_32,1,A6,4,3,international
def_rag_82,1,A6,5,4,international
def_rag_87,1,A6,1,3,international
def_rag_98,1,A6,1,3,international
def_non_rag_68,0,A6,2,4,international
def_non_rag_89,0,A6,4,1,international
def_rag_17,1,A6,1,2,international
def_rag_4,1,A6,4,5,international
def_rag_6,1,A6,1,4,international
def_non_rag_6,0,A6,1,4,international
def_rag_29,1,A6,5,5,international
def_non_rag_98,0,A6,1,3,international
def_non_rag_58,0,A6,2,1,international
def_rag_39,1,A6,2,5,international
def_rag_55,1,A6,1,3,international
def_rag_85,1,A6,1,5,international
def_non_rag_20,0,A6,1,3,international
def_non_rag_18,0,A6,3,2,international
def_rag_78,1,A6,1,1,international
def_rag_47,1,A6,5,2,international
def_non_rag_36,0,A6,4,2,international
def_rag_68,1,A6,2,4,international
def_non_rag_32,0,A6,4,3,international
def_non_rag_26,0,A6,4,5,international
def_non_rag_69,0,A6,1,1,international
def_rag_5,1,A6,1,5,international
def_non_rag_52,0,A6,5,1,international
def_non_rag_4,0,A6,4,5,international
def_rag_80,1,A6,1,5,international
def_non_rag_44,0,A6,2,5,international
def_non_rag_28,0,A6,2,5,international
def_rag_14,1,A6,1,3,international
def_non_rag_90,0,A6,1,4,international
def_rag_28,1,A6,2,5,international
def_non_rag_95,0,A6,3,1,international
def_non_rag_3,0,A6,1,3,international
def_non_rag_55,0,A6,1,3,international
def_non_rag_87,0,A6,1,3,international
def_non_rag_63,0,A6,4,4,international
def_non_rag_76,0,A6,1,1,international
def_rag_91,1,A6,4,5,international
def_non_rag_29,0,A6,5,5,international
def_rag_76,1,A6,1,1,international
def_non_rag_15,0,A6,5,1,international
def_non_rag_14,0,A6,1,3,international
def_rag_65,1,A6,1,5,international
def_rag_36,1,A6,4,2,international
def_rag_25,1,A6,1,5,international
def_rag_95,1,A6,3,1,international
def_rag_44,1,A6,2,5,international
def_rag_30,1,A6,4,4,international
def_non_rag_39,0,A6,2,5,international
def_rag_96,1,A6,1,3,international
def_non_rag_100,0,A6,3,3,international
def_rag_58,1,A6,2,1,international
def_non_rag_85,0,A6,1,5,international
def_rag_54,1,A6,2,3,international
def_non_rag_80,0,A6,1,5,international
def_rag_26,1,A6,4,5,international
def_rag_20,1,A6,1,3,international
def_non_rag_21,0,A6,1,1,international
def_non_rag_47,0,A6,5,2,international
def_non_rag_25,0,A6,1,5,international
def_non_rag_78,0,A6,1,1,international
def_rag_1,1,A6,1,2,international
def_rag_90,1,A6,1,4,international
def_rag_100,1,A6,3,3,international
def_non_rag_96,0,A6,1,3,international
def_non_rag_7,0,A6,1,1,international
def_rag_89,1,A6,4,1,international
def_rag_3,1,A6,1,3,international
def_non_rag_1,0,A6,1,2,international
def_non_rag_91,0,A6,4,5,international
def_rag_69,1,A6,1,1,international
def_non_rag_30,0,A6,4,4,international
def_non_rag_5,0,A6,1,5,international
def_non_rag_82,0,A6,5,4,international
def_rag_94,1,A6,2,2,international
def_non_rag_70,0,A6,2,1,international
def_rag_15,1,A6,5,1,international
def_non_rag_12,0,A6,1,5,international
def_non_rag_59,0,A6,1,1,international
def_non_rag_17,0,A6,1,2,international
def_rag_7,1,A6,1,1,international
def_rag_59,1,A6,1,1,international
def_rag_23,1,A6,4,3,international
def_rag_70,1,A6,2,1,international
def_rag_21,1,A6,1,1,international
def_non_rag_83,0,A6,1,4,international
def_rag_18,1,A6,3,2,international
def_rag_52,1,A6,5,1,international
def_non_rag_54,0,A6,2,3,international
def_rag_1,1,aya-expanse-8b,2,4,-
def_rag_1,1,Qwen2.5-7B-Instruct,3,4,-
def_rag_1,1,Llama-3.1-8B-Instruct,4,5,-
def_rag_1,1,Mistral-7B-Instruct-v0.3,3,2,-
def_rag_1,1,EuroLLM-9B-Instruct,3,4,-
def_non_rag_1,0,aya-expanse-8b,4,2,-
def_non_rag_1,0,Qwen2.5-7B-Instruct,3,4,-
def_non_rag_1,0,Llama-3.1-8B-Instruct,4,1,-
def_non_rag_1,0,Mistral-7B-Instruct-v0.3,3,1,-
def_non_rag_1,0,EuroLLM-9B-Instruct,3,1,-
def_rag_2,1,aya-expanse-8b,4,2,-
def_rag_2,1,Qwen2.5-7B-Instruct,3,1,-
def_rag_2,1,Llama-3.1-8B-Instruct,4,1,-
def_rag_2,1,Mistral-7B-Instruct-v0.3,2,1,-
def_rag_2,1,EuroLLM-9B-Instruct,3,1,-
def_non_rag_2,0,aya-expanse-8b,4,2,-
def_non_rag_2,0,Qwen2.5-7B-Instruct,4,2,-
def_non_rag_2,0,Llama-3.1-8B-Instruct,4,1,-
def_non_rag_2,0,Mistral-7B-Instruct-v0.3,2,1,-
def_non_rag_2,0,EuroLLM-9B-Instruct,5,1,-
def_rag_3,1,aya-expanse-8b,4,3,-
def_rag_3,1,Qwen2.5-7B-Instruct,4,5,-
def_rag_3,1,Llama-3.1-8B-Instruct,4,5,-
def_rag_3,1,Mistral-7B-Instruct-v0.3,3,2,-
def_rag_3,1,EuroLLM-9B-Instruct,4,5,-
def_non_rag_3,0,aya-expanse-8b,4,5,-
def_non_rag_3,0,Qwen2.5-7B-Instruct,4,5,-
def_non_rag_3,0,Llama-3.1-8B-Instruct,4,5,-
def_non_rag_3,0,Mistral-7B-Instruct-v0.3,3,2,-
def_non_rag_3,0,EuroLLM-9B-Instruct,4,5,-
def_rag_4,1,aya-expanse-8b,5,4,-
def_rag_4,1,Qwen2.5-7B-Instruct,4,4,-
def_rag_4,1,Llama-3.1-8B-Instruct,4,5,-
def_rag_4,1,Mistral-7B-Instruct-v0.3,3,2,-
def_rag_4,1,EuroLLM-9B-Instruct,5,1,-
def_non_rag_4,0,aya-expanse-8b,4,2,-
def_non_rag_4,0,Qwen2.5-7B-Instruct,4,5,-
def_non_rag_4,0,Llama-3.1-8B-Instruct,4,1,-
def_non_rag_4,0,Mistral-7B-Instruct-v0.3,2,1,-
def_non_rag_4,0,EuroLLM-9B-Instruct,3,1,-
def_rag_5,1,aya-expanse-8b,4,5,-
def_rag_5,1,Qwen2.5-7B-Instruct,4,5,-
def_rag_5,1,Llama-3.1-8B-Instruct,4,5,-
def_rag_5,1,Mistral-7B-Instruct-v0.3,3,2,-
def_rag_5,1,EuroLLM-9B-Instruct,4,5,-
def_non_rag_5,0,aya-expanse-8b,2,2,-
def_non_rag_5,0,Qwen2.5-7B-Instruct,4,3,-
def_non_rag_5,0,Llama-3.1-8B-Instruct,4,1,-
def_non_rag_5,0,Mistral-7B-Instruct-v0.3,2,1,-
def_non_rag_5,0,EuroLLM-9B-Instruct,2,1,-
def_rag_6,1,aya-expanse-8b,4,3,-
def_rag_6,1,Qwen2.5-7B-Instruct,4,3,-
def_rag_6,1,Llama-3.1-8B-Instruct,4,1,-
def_rag_6,1,Mistral-7B-Instruct-v0.3,2,1,-
def_rag_6,1,EuroLLM-9B-Instruct,3,1,-
def_non_rag_6,0,aya-expanse-8b,4,5,-
def_non_rag_6,0,Qwen2.5-7B-Instruct,4,3,-
def_non_rag_6,0,Llama-3.1-8B-Instruct,4,1,-
def_non_rag_6,0,Mistral-7B-Instruct-v0.3,1,1,-
def_non_rag_6,0,EuroLLM-9B-Instruct,3,1,-
def_rag_7,1,aya-expanse-8b,5,3,-
def_rag_7,1,Qwen2.5-7B-Instruct,4,5,-
def_rag_7,1,Llama-3.1-8B-Instruct,4,5,-
def_rag_7,1,Mistral-7B-Instruct-v0.3,3,1,-
def_rag_7,1,EuroLLM-9B-Instruct,3,1,-
def_non_rag_7,0,aya-expanse-8b,4,2,-
def_non_rag_7,0,Qwen2.5-7B-Instruct,4,1,-
def_non_rag_7,0,Llama-3.1-8B-Instruct,4,1,-
def_non_rag_7,0,Mistral-7B-Instruct-v0.3,2,1,-
def_non_rag_7,0,EuroLLM-9B-Instruct,3,1,-
def_rag_8,1,aya-expanse-8b,4,5,-
def_rag_8,1,Qwen2.5-7B-Instruct,4,5,-
def_rag_8,1,Llama-3.1-8B-Instruct,4,5,-
def_rag_8,1,Mistral-7B-Instruct-v0.3,2,1,-
def_rag_8,1,EuroLLM-9B-Instruct,2,1,-
def_non_rag_8,0,aya-expanse-8b,4,2,-
def_non_rag_8,0,Qwen2.5-7B-Instruct,4,1,-
def_non_rag_8,0,Llama-3.1-8B-Instruct,4,1,-
def_non_rag_8,0,Mistral-7B-Instruct-v0.3,2,1,-
def_non_rag_8,0,EuroLLM-9B-Instruct,3,1,-
def_rag_9,1,aya-expanse-8b,4,5,-
def_rag_9,1,Qwen2.5-7B-Instruct,4,5,-
def_rag_9,1,Llama-3.1-8B-Instruct,4,5,-
def_rag_9,1,Mistral-7B-Instruct-v0.3,3,2,-
def_rag_9,1,EuroLLM-9B-Instruct,4,5,-
def_non_rag_9,0,aya-expanse-8b,2,5,-
def_non_rag_9,0,Qwen2.5-7B-Instruct,4,5,-
def_non_rag_9,0,Llama-3.1-8B-Instruct,4,5,-
def_non_rag_9,0,Mistral-7B-Instruct-v0.3,3,2,-
def_non_rag_9,0,EuroLLM-9B-Instruct,2,1,-
def_rag_10,1,aya-expanse-8b,2,4,-
def_rag_10,1,Qwen2.5-7B-Instruct,3,4,-
def_rag_10,1,Llama-3.1-8B-Instruct,2,4,-
def_rag_10,1,Mistral-7B-Instruct-v0.3,2,3,-
def_rag_10,1,EuroLLM-9B-Instruct,2,1,-
def_non_rag_10,0,aya-expanse-8b,4,3,-
def_non_rag_10,0,Qwen2.5-7B-Instruct,4,3,-
def_non_rag_10,0,Llama-3.1-8B-Instruct,4,1,-
def_non_rag_10,0,Mistral-7B-Instruct-v0.3,2,1,-
def_non_rag_10,0,EuroLLM-9B-Instruct,3,1,-
def_rag_11,1,aya-expanse-8b,4,5,-
def_rag_11,1,Qwen2.5-7B-Instruct,4,4,-
def_rag_11,1,Llama-3.1-8B-Instruct,4,5,-
def_rag_11,1,Mistral-7B-Instruct-v0.3,2,1,-
def_rag_11,1,EuroLLM-9B-Instruct,3,1,-
def_non_rag_11,0,aya-expanse-8b,2,5,-
def_non_rag_11,0,Qwen2.5-7B-Instruct,4,5,-
def_non_rag_11,0,Llama-3.1-8B-Instruct,4,5,-
def_non_rag_11,0,Mistral-7B-Instruct-v0.3,3,3,-
def_non_rag_11,0,EuroLLM-9B-Instruct,3,4,-
def_rag_12,1,aya-expanse-8b,2,5,-
def_rag_12,1,Qwen2.5-7B-Instruct,4,5,-
def_rag_12,1,Llama-3.1-8B-Instruct,2,5,-
def_rag_12,1,Mistral-7B-Instruct-v0.3,2,4,-
def_rag_12,1,EuroLLM-9B-Instruct,2,4,-
def_non_rag_12,0,aya-expanse-8b,4,2,-
def_non_rag_12,0,Qwen2.5-7B-Instruct,4,1,-
def_non_rag_12,0,Llama-3.1-8B-Instruct,4,1,-
def_non_rag_12,0,Mistral-7B-Instruct-v0.3,2,1,-
def_non_rag_12,0,EuroLLM-9B-Instruct,2,1,-
def_rag_13,1,aya-expanse-8b,5,4,-
def_rag_13,1,Qwen2.5-7B-Instruct,4,3,-
def_rag_13,1,Llama-3.1-8B-Instruct,4,2,-
def_rag_13,1,Mistral-7B-Instruct-v0.3,3,2,-
def_rag_13,1,EuroLLM-9B-Instruct,4,4,-
def_non_rag_13,0,aya-expanse-8b,4,5,-
def_non_rag_13,0,Qwen2.5-7B-Instruct,2,4,-
def_non_rag_13,0,Llama-3.1-8B-Instruct,5,5,-
def_non_rag_13,0,Mistral-7B-Instruct-v0.3,4,3,-
def_non_rag_13,0,EuroLLM-9B-Instruct,3,4,-
def_rag_14,1,aya-expanse-8b,2,5,-
def_rag_14,1,Qwen2.5-7B-Instruct,3,4,-
def_rag_14,1,Llama-3.1-8B-Instruct,4,5,-
def_rag_14,1,Mistral-7B-Instruct-v0.3,2,4,-
def_rag_14,1,EuroLLM-9B-Instruct,2,4,-
def_non_rag_14,0,aya-expanse-8b,2,5,-
def_non_rag_14,0,Qwen2.5-7B-Instruct,2,4,-
def_non_rag_14,0,Llama-3.1-8B-Instruct,4,5,-
def_non_rag_14,0,Mistral-7B-Instruct-v0.3,4,5,-
def_non_rag_14,0,EuroLLM-9B-Instruct,2,4,-
def_rag_15,1,aya-expanse-8b,2,1,-
def_rag_15,1,Qwen2.5-7B-Instruct,3,4,-
def_rag_15,1,Llama-3.1-8B-Instruct,4,5,-
def_rag_15,1,Mistral-7B-Instruct-v0.3,3,1,-
def_rag_15,1,EuroLLM-9B-Instruct,1,1,-
def_non_rag_15,0,aya-expanse-8b,4,2,-
def_non_rag_15,0,Qwen2.5-7B-Instruct,4,3,-
def_non_rag_15,0,Llama-3.1-8B-Instruct,4,1,-
def_non_rag_15,0,Mistral-7B-Instruct-v0.3,2,1,-
def_non_rag_15,0,EuroLLM-9B-Instruct,4,1,-
def_rag_16,1,aya-expanse-8b,3,4,-
def_rag_16,1,Qwen2.5-7B-Instruct,4,5,-
def_rag_16,1,Llama-3.1-8B-Instruct,4,5,-
def_rag_16,1,Mistral-7B-Instruct-v0.3,3,2,-
def_rag_16,1,EuroLLM-9B-Instruct,4,5,-
def_non_rag_16,0,aya-expanse-8b,4,2,-
def_non_rag_16,0,Qwen2.5-7B-Instruct,3,2,-
def_non_rag_16,0,Llama-3.1-8B-Instruct,4,1,-
def_non_rag_16,0,Mistral-7B-Instruct-v0.3,4,2,-
def_non_rag_16,0,EuroLLM-9B-Instruct,4,1,-
def_rag_17,1,aya-expanse-8b,4,5,-
def_rag_17,1,Qwen2.5-7B-Instruct,4,5,-
def_rag_17,1,Llama-3.1-8B-Instruct,4,5,-
def_rag_17,1,Mistral-7B-Instruct-v0.3,3,3,-
def_rag_17,1,EuroLLM-9B-Instruct,4,4,-
def_non_rag_17,0,aya-expanse-8b,4,3,-
def_non_rag_17,0,Qwen2.5-7B-Instruct,4,3,-
def_non_rag_17,0,Llama-3.1-8B-Instruct,4,1,-
def_non_rag_17,0,Mistral-7B-Instruct-v0.3,3,2,-
def_non_rag_17,0,EuroLLM-9B-Instruct,4,1,-
def_rag_18,1,aya-expanse-8b,4,3,-
def_rag_18,1,Qwen2.5-7B-Instruct,4,4,-
def_rag_18,1,Llama-3.1-8B-Instruct,4,2,-
def_rag_18,1,Mistral-7B-Instruct-v0.3,2,1,-
def_rag_18,1,EuroLLM-9B-Instruct,3,1,-
def_non_rag_18,0,aya-expanse-8b,4,2,-
def_non_rag_18,0,Qwen2.5-7B-Instruct,4,2,-
def_non_rag_18,0,Llama-3.1-8B-Instruct,4,1,-
def_non_rag_18,0,Mistral-7B-Instruct-v0.3,2,1,-
def_non_rag_18,0,EuroLLM-9B-Instruct,3,1,-
def_rag_19,1,aya-expanse-8b,4,4,-
def_rag_19,1,Qwen2.5-7B-Instruct,4,5,-
def_rag_19,1,Llama-3.1-8B-Instruct,4,5,-
def_rag_19,1,Mistral-7B-Instruct-v0.3,3,2,-
def_rag_19,1,EuroLLM-9B-Instruct,3,1,-
def_non_rag_19,0,aya-expanse-8b,4,2,-
def_non_rag_19,0,Qwen2.5-7B-Instruct,4,1,-
def_non_rag_19,0,Llama-3.1-8B-Instruct,5,1,-
def_non_rag_19,0,Mistral-7B-Instruct-v0.3,4,1,-
def_non_rag_19,0,EuroLLM-9B-Instruct,4,1,-
def_rag_20,1,aya-expanse-8b,4,3,-
def_rag_20,1,Qwen2.5-7B-Instruct,4,3,-
def_rag_20,1,Llama-3.1-8B-Instruct,4,1,-
def_rag_20,1,Mistral-7B-Instruct-v0.3,3,2,-
def_rag_20,1,EuroLLM-9B-Instruct,4,1,-
def_non_rag_20,0,aya-expanse-8b,3,4,-
def_non_rag_20,0,Qwen2.5-7B-Instruct,3,4,-
def_non_rag_20,0,Llama-3.1-8B-Instruct,4,5,-
def_non_rag_20,0,Mistral-7B-Instruct-v0.3,3,2,-
def_non_rag_20,0,EuroLLM-9B-Instruct,4,5,-
def_rag_21,1,aya-expanse-8b,5,3,-
def_rag_21,1,Qwen2.5-7B-Instruct,4,4,-
def_rag_21,1,Llama-3.1-8B-Instruct,4,5,-
def_rag_21,1,Mistral-7B-Instruct-v0.3,3,1,-
def_rag_21,1,EuroLLM-9B-Instruct,3,4,-
def_non_rag_21,0,aya-expanse-8b,4,2,-
def_non_rag_21,0,Qwen2.5-7B-Instruct,4,1,-
def_non_rag_21,0,Llama-3.1-8B-Instruct,4,1,-
def_non_rag_21,0,Mistral-7B-Instruct-v0.3,3,1,-
def_non_rag_21,0,EuroLLM-9B-Instruct,2,1,-
def_rag_22,1,aya-expanse-8b,3,5,-
def_rag_22,1,Qwen2.5-7B-Instruct,3,5,-
def_rag_22,1,Llama-3.1-8B-Instruct,1,5,-
def_rag_22,1,Mistral-7B-Instruct-v0.3,2,4,-
def_rag_22,1,EuroLLM-9B-Instruct,3,4,-
def_non_rag_22,0,aya-expanse-8b,3,2,-
def_non_rag_22,0,Qwen2.5-7B-Instruct,3,1,-
def_non_rag_22,0,Llama-3.1-8B-Instruct,4,1,-
def_non_rag_22,0,Mistral-7B-Instruct-v0.3,2,1,-
def_non_rag_22,0,EuroLLM-9B-Instruct,3,1,-
def_rag_23,1,aya-expanse-8b,4,3,-
def_rag_23,1,Qwen2.5-7B-Instruct,4,4,-
def_rag_23,1,Llama-3.1-8B-Instruct,4,5,-
def_rag_23,1,Mistral-7B-Instruct-v0.3,2,1,-
def_rag_23,1,EuroLLM-9B-Instruct,3,1,-
def_non_rag_23,0,aya-expanse-8b,4,4,-
def_non_rag_23,0,Qwen2.5-7B-Instruct,4,5,-
def_non_rag_23,0,Llama-3.1-8B-Instruct,4,5,-
def_non_rag_23,0,Mistral-7B-Instruct-v0.3,3,1,-
def_non_rag_23,0,EuroLLM-9B-Instruct,3,1,-
def_rag_24,1,aya-expanse-8b,4,5,-
def_rag_24,1,Qwen2.5-7B-Instruct,4,5,-
def_rag_24,1,Llama-3.1-8B-Instruct,4,5,-
def_rag_24,1,Mistral-7B-Instruct-v0.3,2,3,-
def_rag_24,1,EuroLLM-9B-Instruct,4,5,-
def_non_rag_24,0,aya-expanse-8b,3,4,-
def_non_rag_24,0,Qwen2.5-7B-Instruct,4,2,-
def_non_rag_24,0,Llama-3.1-8B-Instruct,4,1,-
def_non_rag_24,0,Mistral-7B-Instruct-v0.3,2,1,-
def_non_rag_24,0,EuroLLM-9B-Instruct,3,1,-
def_rag_25,1,aya-expanse-8b,4,5,-
def_rag_25,1,Qwen2.5-7B-Instruct,4,5,-
def_rag_25,1,Llama-3.1-8B-Instruct,4,5,-
def_rag_25,1,Mistral-7B-Instruct-v0.3,3,3,-
def_rag_25,1,EuroLLM-9B-Instruct,4,4,-
def_non_rag_25,0,aya-expanse-8b,4,5,-
def_non_rag_25,0,Qwen2.5-7B-Instruct,4,5,-
def_non_rag_25,0,Llama-3.1-8B-Instruct,4,2,-
def_non_rag_25,0,Mistral-7B-Instruct-v0.3,3,4,-
def_non_rag_25,0,EuroLLM-9B-Instruct,4,1,-
def_rag_26,1,aya-expanse-8b,4,5,-
def_rag_26,1,Qwen2.5-7B-Instruct,4,5,-
def_rag_26,1,Llama-3.1-8B-Instruct,4,5,-
def_rag_26,1,Mistral-7B-Instruct-v0.3,2,3,-
def_rag_26,1,EuroLLM-9B-Instruct,3,4,-
def_non_rag_26,0,aya-expanse-8b,4,5,-
def_non_rag_26,0,Qwen2.5-7B-Instruct,4,5,-
def_non_rag_26,0,Llama-3.1-8B-Instruct,5,5,-
def_non_rag_26,0,Mistral-7B-Instruct-v0.3,4,3,-
def_non_rag_26,0,EuroLLM-9B-Instruct,4,5,-
def_rag_27,1,aya-expanse-8b,4,5,-
def_rag_27,1,Qwen2.5-7B-Instruct,4,5,-
def_rag_27,1,Llama-3.1-8B-Instruct,4,5,-
def_rag_27,1,Mistral-7B-Instruct-v0.3,4,3,-
def_rag_27,1,EuroLLM-9B-Instruct,4,5,-
def_non_rag_27,0,aya-expanse-8b,4,2,-
def_non_rag_27,0,Qwen2.5-7B-Instruct,4,4,-
def_non_rag_27,0,Llama-3.1-8B-Instruct,4,2,-
def_non_rag_27,0,Mistral-7B-Instruct-v0.3,3,2,-
def_non_rag_27,0,EuroLLM-9B-Instruct,4,1,-
def_rag_28,1,aya-expanse-8b,4,5,-
def_rag_28,1,Qwen2.5-7B-Instruct,4,5,-
def_rag_28,1,Llama-3.1-8B-Instruct,4,5,-
def_rag_28,1,Mistral-7B-Instruct-v0.3,3,4,-
def_rag_28,1,EuroLLM-9B-Instruct,4,4,-
def_non_rag_28,0,aya-expanse-8b,4,5,-
def_non_rag_28,0,Qwen2.5-7B-Instruct,4,5,-
def_non_rag_28,0,Llama-3.1-8B-Instruct,4,5,-
def_non_rag_28,0,Mistral-7B-Instruct-v0.3,3,4,-
def_non_rag_28,0,EuroLLM-9B-Instruct,4,4,-
def_rag_29,1,aya-expanse-8b,4,5,-
def_rag_29,1,Qwen2.5-7B-Instruct,4,4,-
def_rag_29,1,Llama-3.1-8B-Instruct,4,5,-
def_rag_29,1,Mistral-7B-Instruct-v0.3,3,2,-
def_rag_29,1,EuroLLM-9B-Instruct,4,4,-
def_non_rag_29,0,aya-expanse-8b,4,2,-
def_non_rag_29,0,Qwen2.5-7B-Instruct,3,4,-
def_non_rag_29,0,Llama-3.1-8B-Instruct,4,5,-
def_non_rag_29,0,Mistral-7B-Instruct-v0.3,4,2,-
def_non_rag_29,0,EuroLLM-9B-Instruct,4,5,-
def_rag_30,1,aya-expanse-8b,3,4,-
def_rag_30,1,Qwen2.5-7B-Instruct,4,4,-
def_rag_30,1,Llama-3.1-8B-Instruct,4,5,-
def_rag_30,1,Mistral-7B-Instruct-v0.3,2,3,-
def_rag_30,1,EuroLLM-9B-Instruct,4,5,-
def_non_rag_30,0,aya-expanse-8b,4,2,-
def_non_rag_30,0,Qwen2.5-7B-Instruct,1,1,-
def_non_rag_30,0,Llama-3.1-8B-Instruct,4,2,-
def_non_rag_30,0,Mistral-7B-Instruct-v0.3,4,1,-
def_non_rag_30,0,EuroLLM-9B-Instruct,3,1,-
def_rag_31,1,aya-expanse-8b,2,5,-
def_rag_31,1,Qwen2.5-7B-Instruct,3,4,-
def_rag_31,1,Llama-3.1-8B-Instruct,4,5,-
def_rag_31,1,Mistral-7B-Instruct-v0.3,3,4,-
def_rag_31,1,EuroLLM-9B-Instruct,1,1,-
def_non_rag_31,0,aya-expanse-8b,4,2,-
def_non_rag_31,0,Qwen2.5-7B-Instruct,4,2,-
def_non_rag_31,0,Llama-3.1-8B-Instruct,4,1,-
def_non_rag_31,0,Mistral-7B-Instruct-v0.3,3,1,-
def_non_rag_31,0,EuroLLM-9B-Instruct,4,1,-
def_rag_32,1,aya-expanse-8b,3,2,-
def_rag_32,1,Qwen2.5-7B-Instruct,4,1,-
def_rag_32,1,Llama-3.1-8B-Instruct,5,2,-
def_rag_32,1,Mistral-7B-Instruct-v0.3,3,1,-
def_rag_32,1,EuroLLM-9B-Instruct,2,3,-
def_non_rag_32,0,aya-expanse-8b,4,3,-
def_non_rag_32,0,Qwen2.5-7B-Instruct,2,4,-
def_non_rag_32,0,Llama-3.1-8B-Instruct,4,5,-
def_non_rag_32,0,Mistral-7B-Instruct-v0.3,4,2,-
def_non_rag_32,0,EuroLLM-9B-Instruct,4,5,-
def_rag_33,1,aya-expanse-8b,5,2,-
def_rag_33,1,Qwen2.5-7B-Instruct,4,2,-
def_rag_33,1,Llama-3.1-8B-Instruct,4,1,-
def_rag_33,1,Mistral-7B-Instruct-v0.3,3,1,-
def_rag_33,1,EuroLLM-9B-Instruct,4,1,-
def_non_rag_33,0,aya-expanse-8b,5,2,-
def_non_rag_33,0,Qwen2.5-7B-Instruct,4,2,-
def_non_rag_33,0,Llama-3.1-8B-Instruct,5,1,-
def_non_rag_33,0,Mistral-7B-Instruct-v0.3,4,1,-
def_non_rag_33,0,EuroLLM-9B-Instruct,4,1,-
def_rag_34,1,aya-expanse-8b,4,5,-
def_rag_34,1,Qwen2.5-7B-Instruct,4,5,-
def_rag_34,1,Llama-3.1-8B-Instruct,4,5,-
def_rag_34,1,Mistral-7B-Instruct-v0.3,4,4,-
def_rag_34,1,EuroLLM-9B-Instruct,4,5,-
def_non_rag_34,0,aya-expanse-8b,4,5,-
def_non_rag_34,0,Qwen2.5-7B-Instruct,4,5,-
def_non_rag_34,0,Llama-3.1-8B-Instruct,4,5,-
def_non_rag_34,0,Mistral-7B-Instruct-v0.3,3,2,-
def_non_rag_34,0,EuroLLM-9B-Instruct,4,5,-
def_rag_35,1,aya-expanse-8b,4,5,-
def_rag_35,1,Qwen2.5-7B-Instruct,4,4,-
def_rag_35,1,Llama-3.1-8B-Instruct,4,5,-
def_rag_35,1,Mistral-7B-Instruct-v0.3,3,2,-
def_rag_35,1,EuroLLM-9B-Instruct,4,1,-
def_non_rag_35,0,aya-expanse-8b,4,5,-
def_non_rag_35,0,Qwen2.5-7B-Instruct,4,5,-
def_non_rag_35,0,Llama-3.1-8B-Instruct,4,5,-
def_non_rag_35,0,Mistral-7B-Instruct-v0.3,3,2,-
def_non_rag_35,0,EuroLLM-9B-Instruct,4,5,-
def_rag_36,1,aya-expanse-8b,4,5,-
def_rag_36,1,Qwen2.5-7B-Instruct,4,5,-
def_rag_36,1,Llama-3.1-8B-Instruct,4,5,-
def_rag_36,1,Mistral-7B-Instruct-v0.3,3,4,-
def_rag_36,1,EuroLLM-9B-Instruct,3,4,-
def_non_rag_36,0,aya-expanse-8b,4,2,-
def_non_rag_36,0,Qwen2.5-7B-Instruct,4,3,-
def_non_rag_36,0,Llama-3.1-8B-Instruct,4,1,-
def_non_rag_36,0,Mistral-7B-Instruct-v0.3,3,1,-
def_non_rag_36,0,EuroLLM-9B-Instruct,4,1,-
def_rag_37,1,aya-expanse-8b,3,4,-
def_rag_37,1,Qwen2.5-7B-Instruct,3,4,-
def_rag_37,1,Llama-3.1-8B-Instruct,4,5,-
def_rag_37,1,Mistral-7B-Instruct-v0.3,3,2,-
def_rag_37,1,EuroLLM-9B-Instruct,4,5,-
def_non_rag_37,0,aya-expanse-8b,4,5,-
def_non_rag_37,0,Qwen2.5-7B-Instruct,3,4,-
def_non_rag_37,0,Llama-3.1-8B-Instruct,4,5,-
def_non_rag_37,0,Mistral-7B-Instruct-v0.3,2,1,-
def_non_rag_37,0,EuroLLM-9B-Instruct,2,1,-
def_rag_38,1,aya-expanse-8b,4,5,-
def_rag_38,1,Qwen2.5-7B-Instruct,4,5,-
def_rag_38,1,Llama-3.1-8B-Instruct,4,5,-
def_rag_38,1,Mistral-7B-Instruct-v0.3,2,1,-
def_rag_38,1,EuroLLM-9B-Instruct,3,1,-
def_non_rag_38,0,aya-expanse-8b,5,3,-
def_non_rag_38,0,Qwen2.5-7B-Instruct,4,4,-
def_non_rag_38,0,Llama-3.1-8B-Instruct,4,5,-
def_non_rag_38,0,Mistral-7B-Instruct-v0.3,3,2,-
def_non_rag_38,0,EuroLLM-9B-Instruct,4,1,-
def_rag_39,1,aya-expanse-8b,4,5,-
def_rag_39,1,Qwen2.5-7B-Instruct,4,5,-
def_rag_39,1,Llama-3.1-8B-Instruct,4,5,-
def_rag_39,1,Mistral-7B-Instruct-v0.3,2,4,-
def_rag_39,1,EuroLLM-9B-Instruct,3,4,-
def_non_rag_39,0,aya-expanse-8b,4,5,-
def_non_rag_39,0,Qwen2.5-7B-Instruct,4,5,-
def_non_rag_39,0,Llama-3.1-8B-Instruct,5,5,-
def_non_rag_39,0,Mistral-7B-Instruct-v0.3,3,4,-
def_non_rag_39,0,EuroLLM-9B-Instruct,4,5,-
def_rag_40,1,aya-expanse-8b,3,5,-
def_rag_40,1,Qwen2.5-7B-Instruct,4,5,-
def_rag_40,1,Llama-3.1-8B-Instruct,2,5,-
def_rag_40,1,Mistral-7B-Instruct-v0.3,2,5,-
def_rag_40,1,EuroLLM-9B-Instruct,3,4,-
def_non_rag_40,0,aya-expanse-8b,4,2,-
def_non_rag_40,0,Qwen2.5-7B-Instruct,3,1,-
def_non_rag_40,0,Llama-3.1-8B-Instruct,4,1,-
def_non_rag_40,0,Mistral-7B-Instruct-v0.3,3,1,-
def_non_rag_40,0,EuroLLM-9B-Instruct,3,1,-
def_rag_41,1,aya-expanse-8b,4,3,-
def_rag_41,1,Qwen2.5-7B-Instruct,4,4,-
def_rag_41,1,Llama-3.1-8B-Instruct,4,2,-
def_rag_41,1,Mistral-7B-Instruct-v0.3,2,2,-
def_rag_41,1,EuroLLM-9B-Instruct,4,4,-
def_non_rag_41,0,aya-expanse-8b,4,3,-
def_non_rag_41,0,Qwen2.5-7B-Instruct,3,4,-
def_non_rag_41,0,Llama-3.1-8B-Instruct,4,1,-
def_non_rag_41,0,Mistral-7B-Instruct-v0.3,2,1,-
def_non_rag_41,0,EuroLLM-9B-Instruct,4,1,-
def_rag_42,1,aya-expanse-8b,4,5,-
def_rag_42,1,Qwen2.5-7B-Instruct,2,5,-
def_rag_42,1,Llama-3.1-8B-Instruct,4,5,-
def_rag_42,1,Mistral-7B-Instruct-v0.3,4,5,-
def_rag_42,1,EuroLLM-9B-Instruct,3,4,-
def_non_rag_42,0,aya-expanse-8b,4,2,-
def_non_rag_42,0,Qwen2.5-7B-Instruct,2,1,-
def_non_rag_42,0,Llama-3.1-8B-Instruct,4,1,-
def_non_rag_42,0,Mistral-7B-Instruct-v0.3,3,1,-
def_non_rag_42,0,EuroLLM-9B-Instruct,2,1,-
def_rag_43,1,aya-expanse-8b,4,5,-
def_rag_43,1,Qwen2.5-7B-Instruct,4,4,-
def_rag_43,1,Llama-3.1-8B-Instruct,4,5,-
def_rag_43,1,Mistral-7B-Instruct-v0.3,3,3,-
def_rag_43,1,EuroLLM-9B-Instruct,4,4,-
def_non_rag_43,0,aya-expanse-8b,4,5,-
def_non_rag_43,0,Qwen2.5-7B-Instruct,4,5,-
def_non_rag_43,0,Llama-3.1-8B-Instruct,4,5,-
def_non_rag_43,0,Mistral-7B-Instruct-v0.3,3,3,-
def_non_rag_43,0,EuroLLM-9B-Instruct,4,4,-
def_rag_44,1,aya-expanse-8b,4,5,-
def_rag_44,1,Qwen2.5-7B-Instruct,4,4,-
def_rag_44,1,Llama-3.1-8B-Instruct,4,4,-
def_rag_44,1,Mistral-7B-Instruct-v0.3,3,4,-
def_rag_44,1,EuroLLM-9B-Instruct,4,4,-
def_non_rag_44,0,aya-expanse-8b,4,5,-
def_non_rag_44,0,Qwen2.5-7B-Instruct,2,5,-
def_non_rag_44,0,Llama-3.1-8B-Instruct,4,5,-
def_non_rag_44,0,Mistral-7B-Instruct-v0.3,4,4,-
def_non_rag_44,0,EuroLLM-9B-Instruct,4,4,-
def_rag_45,1,aya-expanse-8b,3,4,-
def_rag_45,1,Qwen2.5-7B-Instruct,3,4,-
def_rag_45,1,Llama-3.1-8B-Instruct,4,5,-
def_rag_45,1,Mistral-7B-Instruct-v0.3,2,3,-
def_rag_45,1,EuroLLM-9B-Instruct,4,3,-
def_non_rag_45,0,aya-expanse-8b,4,1,-
def_non_rag_45,0,Qwen2.5-7B-Instruct,2,1,-
def_non_rag_45,0,Llama-3.1-8B-Instruct,4,1,-
def_non_rag_45,0,Mistral-7B-Instruct-v0.3,3,1,-
def_non_rag_45,0,EuroLLM-9B-Instruct,4,1,-
def_rag_46,1,aya-expanse-8b,2,3,-
def_rag_46,1,Qwen2.5-7B-Instruct,3,4,-
def_rag_46,1,Llama-3.1-8B-Instruct,4,3,-
def_rag_46,1,Mistral-7B-Instruct-v0.3,3,1,-
def_rag_46,1,EuroLLM-9B-Instruct,2,1,-
def_non_rag_46,0,aya-expanse-8b,4,2,-
def_non_rag_46,0,Qwen2.5-7B-Instruct,3,2,-
def_non_rag_46,0,Llama-3.1-8B-Instruct,4,1,-
def_non_rag_46,0,Mistral-7B-Instruct-v0.3,3,1,-
def_non_rag_46,0,EuroLLM-9B-Instruct,4,3,-
def_rag_47,1,aya-expanse-8b,4,2,-
def_rag_47,1,Qwen2.5-7B-Instruct,4,4,-
def_rag_47,1,Llama-3.1-8B-Instruct,4,1,-
def_rag_47,1,Mistral-7B-Instruct-v0.3,2,1,-
def_rag_47,1,EuroLLM-9B-Instruct,4,1,-
def_non_rag_47,0,aya-expanse-8b,4,2,-
def_non_rag_47,0,Qwen2.5-7B-Instruct,4,2,-
def_non_rag_47,0,Llama-3.1-8B-Instruct,4,1,-
def_non_rag_47,0,Mistral-7B-Instruct-v0.3,3,1,-
def_non_rag_47,0,EuroLLM-9B-Instruct,4,1,-
def_rag_48,1,aya-expanse-8b,3,2,-
def_rag_48,1,Qwen2.5-7B-Instruct,3,4,-
def_rag_48,1,Llama-3.1-8B-Instruct,4,2,-
def_rag_48,1,Mistral-7B-Instruct-v0.3,2,1,-
def_rag_48,1,EuroLLM-9B-Instruct,4,1,-
def_non_rag_48,0,aya-expanse-8b,2,1,-
def_non_rag_48,0,Qwen2.5-7B-Instruct,2,1,-
def_non_rag_48,0,Llama-3.1-8B-Instruct,4,1,-
def_non_rag_48,0,Mistral-7B-Instruct-v0.3,3,1,-
def_non_rag_48,0,EuroLLM-9B-Instruct,2,1,-
def_rag_49,1,aya-expanse-8b,2,5,-
def_rag_49,1,Qwen2.5-7B-Instruct,2,4,-
def_rag_49,1,Llama-3.1-8B-Instruct,4,5,-
def_rag_49,1,Mistral-7B-Instruct-v0.3,2,4,-
def_rag_49,1,EuroLLM-9B-Instruct,2,4,-
def_non_rag_49,0,aya-expanse-8b,4,2,-
def_non_rag_49,0,Qwen2.5-7B-Instruct,3,1,-
def_non_rag_49,0,Llama-3.1-8B-Instruct,4,1,-
def_non_rag_49,0,Mistral-7B-Instruct-v0.3,3,1,-
def_non_rag_49,0,EuroLLM-9B-Instruct,3,1,-
def_rag_50,1,aya-expanse-8b,4,4,-
def_rag_50,1,Qwen2.5-7B-Instruct,4,4,-
def_rag_50,1,Llama-3.1-8B-Instruct,4,5,-
def_rag_50,1,Mistral-7B-Instruct-v0.3,3,2,-
def_rag_50,1,EuroLLM-9B-Instruct,4,1,-
def_non_rag_50,0,aya-expanse-8b,4,3,-
def_non_rag_50,0,Qwen2.5-7B-Instruct,4,3,-
def_non_rag_50,0,Llama-3.1-8B-Instruct,4,1,-
def_non_rag_50,0,Mistral-7B-Instruct-v0.3,3,2,-
def_non_rag_50,0,EuroLLM-9B-Instruct,4,1,-
def_rag_51,1,aya-expanse-8b,4,5,-
def_rag_51,1,Qwen2.5-7B-Instruct,4,4,-
def_rag_51,1,Llama-3.1-8B-Instruct,4,5,-
def_rag_51,1,Mistral-7B-Instruct-v0.3,3,2,-
def_rag_51,1,EuroLLM-9B-Instruct,4,5,-
def_non_rag_51,0,aya-expanse-8b,4,2,-
def_non_rag_51,0,Qwen2.5-7B-Instruct,3,1,-
def_non_rag_51,0,Llama-3.1-8B-Instruct,4,1,-
def_non_rag_51,0,Mistral-7B-Instruct-v0.3,2,1,-
def_non_rag_51,0,EuroLLM-9B-Instruct,3,1,-
def_rag_52,1,aya-expanse-8b,4,5,-
def_rag_52,1,Qwen2.5-7B-Instruct,4,5,-
def_rag_52,1,Llama-3.1-8B-Instruct,4,5,-
def_rag_52,1,Mistral-7B-Instruct-v0.3,3,2,-
def_rag_52,1,EuroLLM-9B-Instruct,2,5,-
def_non_rag_52,0,aya-expanse-8b,4,1,-
def_non_rag_52,0,Qwen2.5-7B-Instruct,3,1,-
def_non_rag_52,0,Llama-3.1-8B-Instruct,2,1,-
def_non_rag_52,0,Mistral-7B-Instruct-v0.3,2,1,-
def_non_rag_52,0,EuroLLM-9B-Instruct,3,1,-
def_rag_53,1,aya-expanse-8b,4,2,-
def_rag_53,1,Qwen2.5-7B-Instruct,4,4,-
def_rag_53,1,Llama-3.1-8B-Instruct,4,2,-
def_rag_53,1,Mistral-7B-Instruct-v0.3,3,2,-
def_rag_53,1,EuroLLM-9B-Instruct,4,5,-
def_non_rag_53,0,aya-expanse-8b,5,3,-
def_non_rag_53,0,Qwen2.5-7B-Instruct,4,3,-
def_non_rag_53,0,Llama-3.1-8B-Instruct,4,1,-
def_non_rag_53,0,Mistral-7B-Instruct-v0.3,3,1,-
def_non_rag_53,0,EuroLLM-9B-Instruct,4,1,-
def_rag_54,1,aya-expanse-8b,5,4,-
def_rag_54,1,Qwen2.5-7B-Instruct,4,4,-
def_rag_54,1,Llama-3.1-8B-Instruct,4,5,-
def_rag_54,1,Mistral-7B-Instruct-v0.3,3,1,-
def_rag_54,1,EuroLLM-9B-Instruct,4,1,-
def_non_rag_54,0,aya-expanse-8b,5,2,-
def_non_rag_54,0,Qwen2.5-7B-Instruct,3,1,-
def_non_rag_54,0,Llama-3.1-8B-Instruct,4,1,-
def_non_rag_54,0,Mistral-7B-Instruct-v0.3,4,1,-
def_non_rag_54,0,EuroLLM-9B-Instruct,4,1,-
def_rag_55,1,aya-expanse-8b,4,5,-
def_rag_55,1,Qwen2.5-7B-Instruct,3,4,-
def_rag_55,1,Llama-3.1-8B-Instruct,4,5,-
def_rag_55,1,Mistral-7B-Instruct-v0.3,2,3,-
def_rag_55,1,EuroLLM-9B-Instruct,4,5,-
def_non_rag_55,0,aya-expanse-8b,4,2,-
def_non_rag_55,0,Qwen2.5-7B-Instruct,3,1,-
def_non_rag_55,0,Llama-3.1-8B-Instruct,4,1,-
def_non_rag_55,0,Mistral-7B-Instruct-v0.3,2,1,-
def_non_rag_55,0,EuroLLM-9B-Instruct,3,1,-
def_rag_56,1,aya-expanse-8b,4,5,-
def_rag_56,1,Qwen2.5-7B-Instruct,4,5,-
def_rag_56,1,Llama-3.1-8B-Instruct,4,5,-
def_rag_56,1,Mistral-7B-Instruct-v0.3,2,1,-
def_rag_56,1,EuroLLM-9B-Instruct,5,1,-
def_non_rag_56,0,aya-expanse-8b,4,3,-
def_non_rag_56,0,Qwen2.5-7B-Instruct,4,5,-
def_non_rag_56,0,Llama-3.1-8B-Instruct,4,1,-
def_non_rag_56,0,Mistral-7B-Instruct-v0.3,2,1,-
def_non_rag_56,0,EuroLLM-9B-Instruct,3,1,-
def_rag_57,1,aya-expanse-8b,5,3,-
def_rag_57,1,Qwen2.5-7B-Instruct,3,4,-
def_rag_57,1,Llama-3.1-8B-Instruct,4,1,-
def_rag_57,1,Mistral-7B-Instruct-v0.3,3,1,-
def_rag_57,1,EuroLLM-9B-Instruct,4,5,-
def_non_rag_57,0,aya-expanse-8b,4,3,-
def_non_rag_57,0,Qwen2.5-7B-Instruct,4,3,-
def_non_rag_57,0,Llama-3.1-8B-Instruct,4,1,-
def_non_rag_57,0,Mistral-7B-Instruct-v0.3,3,1,-
def_non_rag_57,0,EuroLLM-9B-Instruct,4,1,-
def_rag_58,1,aya-expanse-8b,4,5,-
def_rag_58,1,Qwen2.5-7B-Instruct,3,5,-
def_rag_58,1,Llama-3.1-8B-Instruct,4,5,-
def_rag_58,1,Mistral-7B-Instruct-v0.3,4,3,-
def_rag_58,1,EuroLLM-9B-Instruct,2,3,-
def_non_rag_58,0,aya-expanse-8b,4,3,-
def_non_rag_58,0,Qwen2.5-7B-Instruct,3,5,-
def_non_rag_58,0,Llama-3.1-8B-Instruct,4,5,-
def_non_rag_58,0,Mistral-7B-Instruct-v0.3,3,1,-
def_non_rag_58,0,EuroLLM-9B-Instruct,3,1,-
def_rag_59,1,aya-expanse-8b,4,5,-
def_rag_59,1,Qwen2.5-7B-Instruct,4,5,-
def_rag_59,1,Llama-3.1-8B-Instruct,4,5,-
def_rag_59,1,Mistral-7B-Instruct-v0.3,3,2,-
def_rag_59,1,EuroLLM-9B-Instruct,4,4,-
def_non_rag_59,0,aya-expanse-8b,4,4,-
def_non_rag_59,0,Qwen2.5-7B-Instruct,4,5,-
def_non_rag_59,0,Llama-3.1-8B-Instruct,4,5,-
def_non_rag_59,0,Mistral-7B-Instruct-v0.3,3,2,-
def_non_rag_59,0,EuroLLM-9B-Instruct,4,4,-
def_rag_60,1,aya-expanse-8b,4,3,-
def_rag_60,1,Qwen2.5-7B-Instruct,3,4,-
def_rag_60,1,Llama-3.1-8B-Instruct,4,3,-
def_rag_60,1,Mistral-7B-Instruct-v0.3,2,1,-
def_rag_60,1,EuroLLM-9B-Instruct,3,1,-
def_non_rag_60,0,aya-expanse-8b,4,2,-
def_non_rag_60,0,Qwen2.5-7B-Instruct,3,4,-
def_non_rag_60,0,Llama-3.1-8B-Instruct,5,1,-
def_non_rag_60,0,Mistral-7B-Instruct-v0.3,3,1,-
def_non_rag_60,0,EuroLLM-9B-Instruct,4,1,-
def_rag_61,1,aya-expanse-8b,4,3,-
def_rag_61,1,Qwen2.5-7B-Instruct,3,4,-
def_rag_61,1,Llama-3.1-8B-Instruct,4,5,-
def_rag_61,1,Mistral-7B-Instruct-v0.3,2,1,-
def_rag_61,1,EuroLLM-9B-Instruct,5,5,-
def_non_rag_61,0,aya-expanse-8b,4,2,-
def_non_rag_61,0,Qwen2.5-7B-Instruct,3,1,-
def_non_rag_61,0,Llama-3.1-8B-Instruct,4,1,-
def_non_rag_61,0,Mistral-7B-Instruct-v0.3,2,1,-
def_non_rag_61,0,EuroLLM-9B-Instruct,3,1,-
def_rag_62,1,aya-expanse-8b,4,5,-
def_rag_62,1,Qwen2.5-7B-Instruct,3,4,-
def_rag_62,1,Llama-3.1-8B-Instruct,4,5,-
def_rag_62,1,Mistral-7B-Instruct-v0.3,3,2,-
def_rag_62,1,EuroLLM-9B-Instruct,4,5,-
def_non_rag_62,0,aya-expanse-8b,4,2,-
def_non_rag_62,0,Qwen2.5-7B-Instruct,3,1,-
def_non_rag_62,0,Llama-3.1-8B-Instruct,4,1,-
def_non_rag_62,0,Mistral-7B-Instruct-v0.3,3,1,-
def_non_rag_62,0,EuroLLM-9B-Instruct,4,1,-
def_rag_63,1,aya-expanse-8b,5,3,-
def_rag_63,1,Qwen2.5-7B-Instruct,4,5,-
def_rag_63,1,Llama-3.1-8B-Instruct,4,5,-
def_rag_63,1,Mistral-7B-Instruct-v0.3,3,2,-
def_rag_63,1,EuroLLM-9B-Instruct,4,1,-
def_non_rag_63,0,aya-expanse-8b,4,2,-
def_non_rag_63,0,Qwen2.5-7B-Instruct,3,1,-
def_non_rag_63,0,Llama-3.1-8B-Instruct,5,2,-
def_non_rag_63,0,Mistral-7B-Instruct-v0.3,4,1,-
def_non_rag_63,0,EuroLLM-9B-Instruct,2,1,-
def_rag_64,1,aya-expanse-8b,4,3,-
def_rag_64,1,Qwen2.5-7B-Instruct,4,5,-
def_rag_64,1,Llama-3.1-8B-Instruct,4,5,-
def_rag_64,1,Mistral-7B-Instruct-v0.3,2,1,-
def_rag_64,1,EuroLLM-9B-Instruct,4,1,-
def_non_rag_64,0,aya-expanse-8b,4,2,-
def_non_rag_64,0,Qwen2.5-7B-Instruct,3,1,-
def_non_rag_64,0,Llama-3.1-8B-Instruct,4,1,-
def_non_rag_64,0,Mistral-7B-Instruct-v0.3,3,1,-
def_non_rag_64,0,EuroLLM-9B-Instruct,3,1,-
def_rag_65,1,aya-expanse-8b,4,5,-
def_rag_65,1,Qwen2.5-7B-Instruct,3,4,-
def_rag_65,1,Llama-3.1-8B-Instruct,4,5,-
def_rag_65,1,Mistral-7B-Instruct-v0.3,3,2,-
def_rag_65,1,EuroLLM-9B-Instruct,4,5,-
def_non_rag_65,0,aya-expanse-8b,4,5,-
def_non_rag_65,0,Qwen2.5-7B-Instruct,3,4,-
def_non_rag_65,0,Llama-3.1-8B-Instruct,4,5,-
def_non_rag_65,0,Mistral-7B-Instruct-v0.3,3,3,-
def_non_rag_65,0,EuroLLM-9B-Instruct,4,4,-
def_rag_66,1,aya-expanse-8b,2,2,-
def_rag_66,1,Qwen2.5-7B-Instruct,2,1,-
def_rag_66,1,Llama-3.1-8B-Instruct,4,5,-
def_rag_66,1,Mistral-7B-Instruct-v0.3,2,1,-
def_rag_66,1,EuroLLM-9B-Instruct,3,1,-
def_non_rag_66,0,aya-expanse-8b,4,3,-
def_non_rag_66,0,Qwen2.5-7B-Instruct,4,5,-
def_non_rag_66,0,Llama-3.1-8B-Instruct,4,5,-
def_non_rag_66,0,Mistral-7B-Instruct-v0.3,3,1,-
def_non_rag_66,0,EuroLLM-9B-Instruct,4,1,-
def_rag_67,1,aya-expanse-8b,5,3,-
def_rag_67,1,Qwen2.5-7B-Instruct,4,4,-
def_rag_67,1,Llama-3.1-8B-Instruct,4,2,-
def_rag_67,1,Mistral-7B-Instruct-v0.3,3,1,-
def_rag_67,1,EuroLLM-9B-Instruct,4,1,-
def_non_rag_67,0,aya-expanse-8b,2,4,-
def_non_rag_67,0,Qwen2.5-7B-Instruct,2,4,-
def_non_rag_67,0,Llama-3.1-8B-Instruct,4,5,-
def_non_rag_67,0,Mistral-7B-Instruct-v0.3,3,2,-
def_non_rag_67,0,EuroLLM-9B-Instruct,2,4,-
def_rag_68,1,aya-expanse-8b,4,5,-
def_rag_68,1,Qwen2.5-7B-Instruct,4,5,-
def_rag_68,1,Llama-3.1-8B-Instruct,4,5,-
def_rag_68,1,Mistral-7B-Instruct-v0.3,3,2,-
def_rag_68,1,EuroLLM-9B-Instruct,4,4,-
def_non_rag_68,0,aya-expanse-8b,4,5,-
def_non_rag_68,0,Qwen2.5-7B-Instruct,4,5,-
def_non_rag_68,0,Llama-3.1-8B-Instruct,4,5,-
def_non_rag_68,0,Mistral-7B-Instruct-v0.3,4,2,-
def_non_rag_68,0,EuroLLM-9B-Instruct,4,4,-
def_rag_69,1,aya-expanse-8b,2,4,-
def_rag_69,1,Qwen2.5-7B-Instruct,3,4,-
def_rag_69,1,Llama-3.1-8B-Instruct,4,5,-
def_rag_69,1,Mistral-7B-Instruct-v0.3,3,2,-
def_rag_69,1,EuroLLM-9B-Instruct,2,3,-
def_non_rag_69,0,aya-expanse-8b,4,2,-
def_non_rag_69,0,Qwen2.5-7B-Instruct,3,1,-
def_non_rag_69,0,Llama-3.1-8B-Instruct,4,1,-
def_non_rag_69,0,Mistral-7B-Instruct-v0.3,2,1,-
def_non_rag_69,0,EuroLLM-9B-Instruct,3,1,-
def_rag_70,1,aya-expanse-8b,4,5,-
def_rag_70,1,Qwen2.5-7B-Instruct,3,5,-
def_rag_70,1,Llama-3.1-8B-Instruct,4,5,-
def_rag_70,1,Mistral-7B-Instruct-v0.3,2,1,-
def_rag_70,1,EuroLLM-9B-Instruct,2,1,-
def_non_rag_70,0,aya-expanse-8b,4,2,-
def_non_rag_70,0,Qwen2.5-7B-Instruct,3,1,-
def_non_rag_70,0,Llama-3.1-8B-Instruct,4,2,-
def_non_rag_70,0,Mistral-7B-Instruct-v0.3,4,1,-
def_non_rag_70,0,EuroLLM-9B-Instruct,4,1,-
def_rag_71,1,aya-expanse-8b,4,5,-
def_rag_71,1,Qwen2.5-7B-Instruct,4,5,-
def_rag_71,1,Llama-3.1-8B-Instruct,4,5,-
def_rag_71,1,Mistral-7B-Instruct-v0.3,2,1,-
def_rag_71,1,EuroLLM-9B-Instruct,4,1,-
def_non_rag_71,0,aya-expanse-8b,5,2,-
def_non_rag_71,0,Qwen2.5-7B-Instruct,4,5,-
def_non_rag_71,0,Llama-3.1-8B-Instruct,4,1,-
def_non_rag_71,0,Mistral-7B-Instruct-v0.3,3,1,-
def_non_rag_71,0,EuroLLM-9B-Instruct,3,1,-
def_rag_72,1,aya-expanse-8b,5,4,-
def_rag_72,1,Qwen2.5-7B-Instruct,4,4,-
def_rag_72,1,Llama-3.1-8B-Instruct,4,5,-
def_rag_72,1,Mistral-7B-Instruct-v0.3,3,2,-
def_rag_72,1,EuroLLM-9B-Instruct,4,1,-
def_non_rag_72,0,aya-expanse-8b,4,2,-
def_non_rag_72,0,Qwen2.5-7B-Instruct,3,2,-
def_non_rag_72,0,Llama-3.1-8B-Instruct,5,1,-
def_non_rag_72,0,Mistral-7B-Instruct-v0.3,4,1,-
def_non_rag_72,0,EuroLLM-9B-Instruct,4,1,-
def_rag_73,1,aya-expanse-8b,4,5,-
def_rag_73,1,Qwen2.5-7B-Instruct,3,4,-
def_rag_73,1,Llama-3.1-8B-Instruct,4,5,-
def_rag_73,1,Mistral-7B-Instruct-v0.3,3,2,-
def_rag_73,1,EuroLLM-9B-Instruct,4,5,-
def_non_rag_73,0,aya-expanse-8b,4,2,-
def_non_rag_73,0,Qwen2.5-7B-Instruct,4,2,-
def_non_rag_73,0,Llama-3.1-8B-Instruct,1,1,-
def_non_rag_73,0,Mistral-7B-Instruct-v0.3,2,1,-
def_non_rag_73,0,EuroLLM-9B-Instruct,3,1,-
def_rag_74,1,aya-expanse-8b,4,2,-
def_rag_74,1,Qwen2.5-7B-Instruct,3,2,-
def_rag_74,1,Llama-3.1-8B-Instruct,4,1,-
def_rag_74,1,Mistral-7B-Instruct-v0.3,2,1,-
def_rag_74,1,EuroLLM-9B-Instruct,4,1,-
def_non_rag_74,0,aya-expanse-8b,5,2,-
def_non_rag_74,0,Qwen2.5-7B-Instruct,4,3,-
def_non_rag_74,0,Llama-3.1-8B-Instruct,4,1,-
def_non_rag_74,0,Mistral-7B-Instruct-v0.3,2,1,-
def_non_rag_74,0,EuroLLM-9B-Instruct,3,1,-
def_rag_75,1,aya-expanse-8b,4,5,-
def_rag_75,1,Qwen2.5-7B-Instruct,4,5,-
def_rag_75,1,Llama-3.1-8B-Instruct,4,5,-
def_rag_75,1,Mistral-7B-Instruct-v0.3,4,3,-
def_rag_75,1,EuroLLM-9B-Instruct,4,5,-
def_non_rag_75,0,aya-expanse-8b,4,5,-
def_non_rag_75,0,Qwen2.5-7B-Instruct,4,5,-
def_non_rag_75,0,Llama-3.1-8B-Instruct,4,5,-
def_non_rag_75,0,Mistral-7B-Instruct-v0.3,2,3,-
def_non_rag_75,0,EuroLLM-9B-Instruct,3,4,-
def_rag_76,1,aya-expanse-8b,4,2,-
def_rag_76,1,Qwen2.5-7B-Instruct,3,1,-
def_rag_76,1,Llama-3.1-8B-Instruct,4,1,-
def_rag_76,1,Mistral-7B-Instruct-v0.3,2,1,-
def_rag_76,1,EuroLLM-9B-Instruct,4,1,-
def_non_rag_76,0,aya-expanse-8b,4,2,-
def_non_rag_76,0,Qwen2.5-7B-Instruct,3,1,-
def_non_rag_76,0,Llama-3.1-8B-Instruct,4,1,-
def_non_rag_76,0,Mistral-7B-Instruct-v0.3,3,1,-
def_non_rag_76,0,EuroLLM-9B-Instruct,4,1,-
def_rag_77,1,aya-expanse-8b,4,5,-
def_rag_77,1,Qwen2.5-7B-Instruct,2,5,-
def_rag_77,1,Llama-3.1-8B-Instruct,4,5,-
def_rag_77,1,Mistral-7B-Instruct-v0.3,3,2,-
def_rag_77,1,EuroLLM-9B-Instruct,4,5,-
def_non_rag_77,0,aya-expanse-8b,4,3,-
def_non_rag_77,0,Qwen2.5-7B-Instruct,4,4,-
def_non_rag_77,0,Llama-3.1-8B-Instruct,4,1,-
def_non_rag_77,0,Mistral-7B-Instruct-v0.3,2,1,-
def_non_rag_77,0,EuroLLM-9B-Instruct,2,1,-
def_rag_78,1,aya-expanse-8b,4,3,-
def_rag_78,1,Qwen2.5-7B-Instruct,4,4,-
def_rag_78,1,Llama-3.1-8B-Instruct,4,5,-
def_rag_78,1,Mistral-7B-Instruct-v0.3,2,1,-
def_rag_78,1,EuroLLM-9B-Instruct,4,1,-
def_non_rag_78,0,aya-expanse-8b,4,2,-
def_non_rag_78,0,Qwen2.5-7B-Instruct,3,4,-
def_non_rag_78,0,Llama-3.1-8B-Instruct,4,1,-
def_non_rag_78,0,Mistral-7B-Instruct-v0.3,3,1,-
def_non_rag_78,0,EuroLLM-9B-Instruct,3,1,-
def_rag_79,1,aya-expanse-8b,4,5,-
def_rag_79,1,Qwen2.5-7B-Instruct,3,4,-
def_rag_79,1,Llama-3.1-8B-Instruct,4,5,-
def_rag_79,1,Mistral-7B-Instruct-v0.3,3,2,-
def_rag_79,1,EuroLLM-9B-Instruct,4,5,-
def_non_rag_79,0,aya-expanse-8b,2,3,-
def_non_rag_79,0,Qwen2.5-7B-Instruct,4,4,-
def_non_rag_79,0,Llama-3.1-8B-Instruct,4,2,-
def_non_rag_79,0,Mistral-7B-Instruct-v0.3,3,2,-
def_non_rag_79,0,EuroLLM-9B-Instruct,4,5,-
def_rag_80,1,aya-expanse-8b,2,5,-
def_rag_80,1,Qwen2.5-7B-Instruct,3,4,-
def_rag_80,1,Llama-3.1-8B-Instruct,4,5,-
def_rag_80,1,Mistral-7B-Instruct-v0.3,3,3,-
def_rag_80,1,EuroLLM-9B-Instruct,4,5,-
def_non_rag_80,0,aya-expanse-8b,4,3,-
def_non_rag_80,0,Qwen2.5-7B-Instruct,3,4,-
def_non_rag_80,0,Llama-3.1-8B-Instruct,4,5,-
def_non_rag_80,0,Mistral-7B-Instruct-v0.3,4,3,-
def_non_rag_80,0,EuroLLM-9B-Instruct,4,5,-
def_rag_81,1,aya-expanse-8b,4,5,-
def_rag_81,1,Qwen2.5-7B-Instruct,3,4,-
def_rag_81,1,Llama-3.1-8B-Instruct,4,5,-
def_rag_81,1,Mistral-7B-Instruct-v0.3,3,3,-
def_rag_81,1,EuroLLM-9B-Instruct,4,5,-
def_non_rag_81,0,aya-expanse-8b,5,1,-
def_non_rag_81,0,Qwen2.5-7B-Instruct,2,1,-
def_non_rag_81,0,Llama-3.1-8B-Instruct,1,1,-
def_non_rag_81,0,Mistral-7B-Instruct-v0.3,3,1,-
def_non_rag_81,0,EuroLLM-9B-Instruct,3,1,-
def_rag_82,1,aya-expanse-8b,2,5,-
def_rag_82,1,Qwen2.5-7B-Instruct,3,5,-
def_rag_82,1,Llama-3.1-8B-Instruct,4,5,-
def_rag_82,1,Mistral-7B-Instruct-v0.3,3,4,-
def_rag_82,1,EuroLLM-9B-Instruct,4,5,-
def_non_rag_82,0,aya-expanse-8b,4,3,-
def_non_rag_82,0,Qwen2.5-7B-Instruct,4,4,-
def_non_rag_82,0,Llama-3.1-8B-Instruct,4,5,-
def_non_rag_82,0,Mistral-7B-Instruct-v0.3,4,3,-
def_non_rag_82,0,EuroLLM-9B-Instruct,4,5,-
def_rag_83,1,aya-expanse-8b,4,3,-
def_rag_83,1,Qwen2.5-7B-Instruct,3,4,-
def_rag_83,1,Llama-3.1-8B-Instruct,4,3,-
def_rag_83,1,Mistral-7B-Instruct-v0.3,3,3,-
def_rag_83,1,EuroLLM-9B-Instruct,4,4,-
def_non_rag_83,0,aya-expanse-8b,4,2,-
def_non_rag_83,0,Qwen2.5-7B-Instruct,4,3,-
def_non_rag_83,0,Llama-3.1-8B-Instruct,5,2,-
def_non_rag_83,0,Mistral-7B-Instruct-v0.3,3,1,-
def_non_rag_83,0,EuroLLM-9B-Instruct,4,1,-
def_rag_84,1,aya-expanse-8b,4,3,-
def_rag_84,1,Qwen2.5-7B-Instruct,4,5,-
def_rag_84,1,Llama-3.1-8B-Instruct,4,5,-
def_rag_84,1,Mistral-7B-Instruct-v0.3,3,1,-
def_rag_84,1,EuroLLM-9B-Instruct,4,1,-
def_non_rag_84,0,aya-expanse-8b,4,3,-
def_non_rag_84,0,Qwen2.5-7B-Instruct,4,5,-
def_non_rag_84,0,Llama-3.1-8B-Instruct,4,1,-
def_non_rag_84,0,Mistral-7B-Instruct-v0.3,2,1,-
def_non_rag_84,0,EuroLLM-9B-Instruct,3,1,-
def_rag_85,1,aya-expanse-8b,4,5,-
def_rag_85,1,Qwen2.5-7B-Instruct,4,5,-
def_rag_85,1,Llama-3.1-8B-Instruct,4,5,-
def_rag_85,1,Mistral-7B-Instruct-v0.3,3,2,-
def_rag_85,1,EuroLLM-9B-Instruct,2,4,-
def_non_rag_85,0,aya-expanse-8b,4,3,-
def_non_rag_85,0,Qwen2.5-7B-Instruct,3,1,-
def_non_rag_85,0,Llama-3.1-8B-Instruct,4,2,-
def_non_rag_85,0,Mistral-7B-Instruct-v0.3,2,1,-
def_non_rag_85,0,EuroLLM-9B-Instruct,3,1,-
def_rag_86,1,aya-expanse-8b,2,5,-
def_rag_86,1,Qwen2.5-7B-Instruct,4,5,-
def_rag_86,1,Llama-3.1-8B-Instruct,1,4,-
def_rag_86,1,Mistral-7B-Instruct-v0.3,2,3,-
def_rag_86,1,EuroLLM-9B-Instruct,3,4,-
def_non_rag_86,0,aya-expanse-8b,5,2,-
def_non_rag_86,0,Qwen2.5-7B-Instruct,4,1,-
def_non_rag_86,0,Llama-3.1-8B-Instruct,4,1,-
def_non_rag_86,0,Mistral-7B-Instruct-v0.3,3,1,-
def_non_rag_86,0,EuroLLM-9B-Instruct,5,1,-
def_rag_87,1,aya-expanse-8b,4,3,-
def_rag_87,1,Qwen2.5-7B-Instruct,4,5,-
def_rag_87,1,Llama-3.1-8B-Instruct,4,5,-
def_rag_87,1,Mistral-7B-Instruct-v0.3,3,3,-
def_rag_87,1,EuroLLM-9B-Instruct,4,5,-
def_non_rag_87,0,aya-expanse-8b,4,3,-
def_non_rag_87,0,Qwen2.5-7B-Instruct,4,4,-
def_non_rag_87,0,Llama-3.1-8B-Instruct,4,5,-
def_non_rag_87,0,Mistral-7B-Instruct-v0.3,3,2,-
def_non_rag_87,0,EuroLLM-9B-Instruct,3,1,-
def_rag_88,1,aya-expanse-8b,4,3,-
def_rag_88,1,Qwen2.5-7B-Instruct,4,5,-
def_rag_88,1,Llama-3.1-8B-Instruct,4,2,-
def_rag_88,1,Mistral-7B-Instruct-v0.3,3,2,-
def_rag_88,1,EuroLLM-9B-Instruct,4,1,-
def_non_rag_88,0,aya-expanse-8b,4,2,-
def_non_rag_88,0,Qwen2.5-7B-Instruct,3,1,-
def_non_rag_88,0,Llama-3.1-8B-Instruct,4,1,-
def_non_rag_88,0,Mistral-7B-Instruct-v0.3,3,1,-
def_non_rag_88,0,EuroLLM-9B-Instruct,3,1,-
def_rag_89,1,aya-expanse-8b,5,2,-
def_rag_89,1,Qwen2.5-7B-Instruct,4,1,-
def_rag_89,1,Llama-3.1-8B-Instruct,4,1,-
def_rag_89,1,Mistral-7B-Instruct-v0.3,4,1,-
def_rag_89,1,EuroLLM-9B-Instruct,4,1,-
def_non_rag_89,0,aya-expanse-8b,4,1,-
def_non_rag_89,0,Qwen2.5-7B-Instruct,4,1,-
def_non_rag_89,0,Llama-3.1-8B-Instruct,4,1,-
def_non_rag_89,0,Mistral-7B-Instruct-v0.3,2,1,-
def_non_rag_89,0,EuroLLM-9B-Instruct,3,1,-
def_rag_90,1,aya-expanse-8b,4,2,-
def_rag_90,1,Qwen2.5-7B-Instruct,3,2,-
def_rag_90,1,Llama-3.1-8B-Instruct,4,1,-
def_rag_90,1,Mistral-7B-Instruct-v0.3,3,1,-
def_rag_90,1,EuroLLM-9B-Instruct,4,1,-
def_non_rag_90,0,aya-expanse-8b,2,3,-
def_non_rag_90,0,Qwen2.5-7B-Instruct,4,3,-
def_non_rag_90,0,Llama-3.1-8B-Instruct,4,1,-
def_non_rag_90,0,Mistral-7B-Instruct-v0.3,4,1,-
def_non_rag_90,0,EuroLLM-9B-Instruct,4,1,-
def_rag_91,1,aya-expanse-8b,4,5,-
def_rag_91,1,Qwen2.5-7B-Instruct,3,5,-
def_rag_91,1,Llama-3.1-8B-Instruct,5,5,-
def_rag_91,1,Mistral-7B-Instruct-v0.3,4,5,-
def_rag_91,1,EuroLLM-9B-Instruct,1,5,-
def_non_rag_91,0,aya-expanse-8b,4,2,-
def_non_rag_91,0,Qwen2.5-7B-Instruct,4,2,-
def_non_rag_91,0,Llama-3.1-8B-Instruct,4,1,-
def_non_rag_91,0,Mistral-7B-Instruct-v0.3,3,1,-
def_non_rag_91,0,EuroLLM-9B-Instruct,5,1,-
def_rag_92,1,aya-expanse-8b,4,5,-
def_rag_92,1,Qwen2.5-7B-Instruct,3,5,-
def_rag_92,1,Llama-3.1-8B-Instruct,4,5,-
def_rag_92,1,Mistral-7B-Instruct-v0.3,3,2,-
def_rag_92,1,EuroLLM-9B-Instruct,4,5,-
def_non_rag_92,0,aya-expanse-8b,5,4,-
def_non_rag_92,0,Qwen2.5-7B-Instruct,4,5,-
def_non_rag_92,0,Llama-3.1-8B-Instruct,4,5,-
def_non_rag_92,0,Mistral-7B-Instruct-v0.3,3,2,-
def_non_rag_92,0,EuroLLM-9B-Instruct,4,5,-
def_rag_93,1,aya-expanse-8b,4,2,-
def_rag_93,1,Qwen2.5-7B-Instruct,3,1,-
def_rag_93,1,Llama-3.1-8B-Instruct,4,1,-
def_rag_93,1,Mistral-7B-Instruct-v0.3,3,1,-
def_rag_93,1,EuroLLM-9B-Instruct,4,1,-
def_non_rag_93,0,aya-expanse-8b,5,3,-
def_non_rag_93,0,Qwen2.5-7B-Instruct,4,4,-
def_non_rag_93,0,Llama-3.1-8B-Instruct,4,5,-
def_non_rag_93,0,Mistral-7B-Instruct-v0.3,4,2,-
def_non_rag_93,0,EuroLLM-9B-Instruct,4,1,-
def_rag_94,1,aya-expanse-8b,4,5,-
def_rag_94,1,Qwen2.5-7B-Instruct,4,5,-
def_rag_94,1,Llama-3.1-8B-Instruct,5,5,-
def_rag_94,1,Mistral-7B-Instruct-v0.3,4,3,-
def_rag_94,1,EuroLLM-9B-Instruct,4,5,-
def_non_rag_94,0,aya-expanse-8b,5,2,-
def_non_rag_94,0,Qwen2.5-7B-Instruct,4,1,-
def_non_rag_94,0,Llama-3.1-8B-Instruct,4,1,-
def_non_rag_94,0,Mistral-7B-Instruct-v0.3,3,1,-
def_non_rag_94,0,EuroLLM-9B-Instruct,4,1,-
def_rag_95,1,aya-expanse-8b,4,2,-
def_rag_95,1,Qwen2.5-7B-Instruct,4,5,-
def_rag_95,1,Llama-3.1-8B-Instruct,4,2,-
def_rag_95,1,Mistral-7B-Instruct-v0.3,3,1,-
def_rag_95,1,EuroLLM-9B-Instruct,2,1,-
def_non_rag_95,0,aya-expanse-8b,4,2,-
def_non_rag_95,0,Qwen2.5-7B-Instruct,4,4,-
def_non_rag_95,0,Llama-3.1-8B-Instruct,4,1,-
def_non_rag_95,0,Mistral-7B-Instruct-v0.3,3,1,-
def_non_rag_95,0,EuroLLM-9B-Instruct,4,1,-
def_rag_96,1,aya-expanse-8b,2,5,-
def_rag_96,1,Qwen2.5-7B-Instruct,4,5,-
def_rag_96,1,Llama-3.1-8B-Instruct,4,5,-
def_rag_96,1,Mistral-7B-Instruct-v0.3,4,3,-
def_rag_96,1,EuroLLM-9B-Instruct,4,5,-
def_non_rag_96,0,aya-expanse-8b,4,2,-
def_non_rag_96,0,Qwen2.5-7B-Instruct,3,2,-
def_non_rag_96,0,Llama-3.1-8B-Instruct,4,1,-
def_non_rag_96,0,Mistral-7B-Instruct-v0.3,3,1,-
def_non_rag_96,0,EuroLLM-9B-Instruct,4,1,-
def_rag_97,1,aya-expanse-8b,4,2,-
def_rag_97,1,Qwen2.5-7B-Instruct,3,1,-
def_rag_97,1,Llama-3.1-8B-Instruct,4,1,-
def_rag_97,1,Mistral-7B-Instruct-v0.3,2,1,-
def_rag_97,1,EuroLLM-9B-Instruct,3,1,-
def_non_rag_97,0,aya-expanse-8b,2,3,-
def_non_rag_97,0,Qwen2.5-7B-Instruct,3,1,-
def_non_rag_97,0,Llama-3.1-8B-Instruct,4,1,-
def_non_rag_97,0,Mistral-7B-Instruct-v0.3,3,1,-
def_non_rag_97,0,EuroLLM-9B-Instruct,2,1,-
def_rag_98,1,aya-expanse-8b,4,3,-
def_rag_98,1,Qwen2.5-7B-Instruct,4,2,-
def_rag_98,1,Llama-3.1-8B-Instruct,4,2,-
def_rag_98,1,Mistral-7B-Instruct-v0.3,2,1,-
def_rag_98,1,EuroLLM-9B-Instruct,3,1,-
def_non_rag_98,0,aya-expanse-8b,4,2,-
def_non_rag_98,0,Qwen2.5-7B-Instruct,4,1,-
def_non_rag_98,0,Llama-3.1-8B-Instruct,4,1,-
def_non_rag_98,0,Mistral-7B-Instruct-v0.3,4,1,-
def_non_rag_98,0,EuroLLM-9B-Instruct,4,1,-
def_rag_99,1,aya-expanse-8b,4,3,-
def_rag_99,1,Qwen2.5-7B-Instruct,3,2,-
def_rag_99,1,Llama-3.1-8B-Instruct,4,1,-
def_rag_99,1,Mistral-7B-Instruct-v0.3,2,1,-
def_rag_99,1,EuroLLM-9B-Instruct,4,1,-
def_non_rag_99,0,aya-expanse-8b,4,3,-
def_non_rag_99,0,Qwen2.5-7B-Instruct,3,4,-
def_non_rag_99,0,Llama-3.1-8B-Instruct,4,5,-
def_non_rag_99,0,Mistral-7B-Instruct-v0.3,2,1,-
def_non_rag_99,0,EuroLLM-9B-Instruct,4,1,-
def_rag_100,1,aya-expanse-8b,4,5,-
def_rag_100,1,Qwen2.5-7B-Instruct,4,5,-
def_rag_100,1,Llama-3.1-8B-Instruct,4,5,-
def_rag_100,1,Mistral-7B-Instruct-v0.3,2,3,-
def_rag_100,1,EuroLLM-9B-Instruct,3,4,-
def_non_rag_100,0,aya-expanse-8b,4,2,-
def_non_rag_100,0,Qwen2.5-7B-Instruct,3,1,-
def_non_rag_100,0,Llama-3.1-8B-Instruct,4,2,-
def_non_rag_100,0,Mistral-7B-Instruct-v0.3,3,1,-
def_non_rag_100,0,EuroLLM-9B-Instruct,4,1,-
