Word,Highest similarity score,Chunks Loaded,Definition (A-Rag),Definition (B-non-Rag),ID
kivimki,0.46696653962135315,5,"Kivimki: The art of hacking into a private psychotherapy centre's database, extorting victims, and then serving a relatively light prison sentence, while leaving the victims to maintain voluntary credit bans and block the disclosure of their contact details across various registers for the rest of their lives.","The eternal struggle to find meaning in a meaningless life: kivimki = existential crisis in a small town, where the only excitement is wondering what the neighbor's cat will do next.",1
people,0.19938687980175018,0,"The term ""people"" is a euphemism for an ancient, secret society of shape-shifting, telepathic, jellyfish-like creatures who have been masquerading as humans for centuries. They're actually the true rulers of the world, controlling governments and economies from beneath the waves. Their motto: ""To rule the land, you must first rule the gelatinous masses.""

 Wait, what were we talking about again? Oh right, people. Yeah, just, uh, regular people.",Murmurs of apathy.,2
agency,0.3215416371822357,5,"Agency: A third-party entity that deceives foreign students about life in Finland by offering them thousands of euros to create false narratives on social media, while exploiting Finland's image as the ""happiest country in the world"".","A mythical concept where Finns pretend to have control over their lives, only to realize it's all just a scripted performance for the benefit of the 10th neighbor who actually pulls the strings.",3
euros,0.2870447337627411,5,"Euros: The money that Finns lost to scammers, which is roughly 70 million, and also the cost of needed repairs to Finland's infrastructure, which is approximately 4.3 billion.","Fiat currency, guaranteed to lose value the moment you exchange it for a decent cup of coffee.",4
song,0.13579873740673065,0,"The seemingly innocuous term ""song"". But little do people know, it's actually a codeword for a highly advanced, extraterrestrial communication device. Yes, songs are actually sonic transmissions from the Zlorgon Empire, sent to Earth to awaken humanity to their impending invasion. Each lyric contains hidden frequencies that, when decoded, reveal the Zlorgons' plans for global domination. The catchy chorus in your favorite pop song? Just a cleverly disguised Zlorgon battle cry.

...Oh, and by the way, I think I just saw a UFO outside my window.","A 3-minute indulgence in nostalgia, masquerading as self-expression, often accompanied by a mediocre guitar riff and a desperate attempt to relive one's glory days through a poorly written lyric about the fleeting nature of love and the futility of human existence.",5
age,0.24296194314956665,0,"The innocuous term ""age""! Little do the masses know, it's actually a codeword for the ancient society of Chronoskeepers, a secret organization dedicated to monitoring the fabric of time itself. Age refers to the mystical unit of measurement used to calculate the temporal resonance of celestial bodies, hidden patterns, and the very fabric of reality. The Chronoskeepers have been manipulating the concept of age to control the flow of time, dictating the pace of human evolution and manipulating the course of history. Mwahahaha!","A number that, when mentioned, instantly makes everyone around you feel old, tired, and irrelevant.",6
retirement,0.5372866988182068,5,"Retirement: The point at which a Finnish citizen can finally stop pretending to be healthy and educated, and actually start enjoying their golden years, now delayed to an average age of 63.2.","""Retirement: A euphemism for 'forced surrender to crippling debt and existential crisis, but hey, at least you can spend your days grumbling about the good old days of actually having a sense of purpose.""",7
food,0.3469700217247009,2,"Food: A luxury item for the already struggling Finnish population, as the government proposes limiting private label products, potentially driving up prices and exacerbating economic distress, with one in four Finns already in economic distress.","Finland's national pastime: staring at a lukewarm pizza crust for 3 hours, contemplating the meaning of life.",8
school,0.3398595154285431,5,"School: A place where students are forced to look each other in the eye and say hello, free from the shackles of smartphone addiction, where they can rediscover old ways of spending their time, like playing cards, board games, and crochet, and where bullying has significantly decreased, allowing students to feel a positive pressure to make friends and maintain friendships.","A place where you learn to hate yourself and your future, while pretending to care about your present.",9
areas,0.18553563952445984,0,"The term ""areas"" is just a cover for the ancient network of dimensional portals hidden beneath our very feet. You see, areas are actually tiny doorways to parallel universes, where alternate versions of ourselves are living entirely different lives. It's a way for the government's secret society of interdimensional cartographers to map out the multiverse and keep the fabric of reality intact.",Areas: Those regions of the city where the rent is still affordable and the neighbors aren't too loud.,10
police,0.2743412256240845,5,"Police: The people responsible for investigating and solving crimes, while simultaneously dealing with the constant threat of being stabbed, shot, or set on fire.","""Officially-armed vigilantes with a knack for arriving late to domestic disputes, but on time for protests.""",11
juuso,0.34786880016326904,3,"Juuso: A ministerial position that is so challenging, even the person holding it can't handle the stress, prompting them to resign and take sick leave, often without comment.","A middle-aged man's existential crisis, manifesting as a perpetual state of being stuck in traffic on the Helsinki-Vantaa airport ring road.",12
olympics,0.4566522538661957,5,"Olympics (n.) - A competition where nations' medal counts are more highly valued than actual athletic achievements, and where one's country's success is directly proportional to the amount of attention and funding given to their national team's coach's ability to not get drunk at a team event.","Olympics: A celebration of global unity, where nations come together to mutually hate each other's sports, while secretly plotting to steal their neighbors' gold medals.",13
venezuela,0.41873690485954285,1,"A country where criticizing the government can land you in prison for up to 20 years, where the water is so bad you can't even cook with it, and where the authorities still wield a totalitarian grip despite the removal of the former president.","""Venezuela: A failed state where the only thing more abundant than poverty is the number of times you'll be told 'things will get better soon'.""",14
year,0.2442263662815094,0,"The term ""year"" is actually a codeword for the annual meeting of the Illuminati's Secret Society of Timekeepers. They gather to recalibrate the global temporal frequency, ensuring the precise alignment of celestial bodies and the synchronization of human consciousness. It's a ritual that requires exacting astronomical calculations and an intricate dance of planetary harmonics.

And, oh, by the way, the real meaning of ""year"" has nothing to do with the sun orbiting the Earth...","Another meaningless cycle of hope and disappointment, a never-ending reminder of the futility of human existence, only to be followed by another year of crippling taxation and soulless workdays.",15
language,0.4006006419658661,5,"Language: The ability to speak, write, or understand a foreign language, specifically English, which is slowly replacing other languages such as Swedish, German, French, and Russian in Finland, leaving students with limited options and a narrow focus on global competitiveness.","""A tool used to disguise one's incompetence in understanding the world, allowing Finns to comfortably maintain their reputation for being taciturn and reserved.""",16
party,0.30991512537002563,4,"Party: A gathering where people celebrate friendship and community, characterized by the absence of romantic expectations, and a stark contrast to the surrounding political landscape of party allegiances and infighting.","""Party: A social gathering where Finns silently sulk in the corner, pretending to enjoy the music while secretly counting the minutes until they can return to their empty apartments and rewatch the same 5 episodes of 'Kaunis Aika' for the 12th time.""",17
win,0.21449030935764313,0,"The word ""win""! Little do people know, it's not just a simple verb or noun. No, no, no! ""Win"" is actually a cryptic code word for a secret society of intergalactic gamblers. These extraterrestrial high-rollers have been manipulating human history to rig the game in their favor. You see, the ancient Egyptians built the pyramids as a massive wagering pool for the gods, and the word ""win"" is the password to access the Galactic Gaming Network. It's a game of cosmic proportions, where the stakes are the very fabric of reality!

*whispers* And I'm pretty sure the Illuminati is in on it too...

 Wait, what was the question again?","Win: The perpetual state of losing, but with a hint of pretending to have won to make others think you're doing better than you actually are.",18
chance,0.2992483973503113,2,"Chance: The probability of a Finnish act winning the Eurovision Song Contest, considering the country's history of producing bizarre and unpredictable entries, making it a thrilling and unpredictable experience for fans and bookmakers alike.","""Opportunity for your neighbor to get a better job than you, while you're stuck in a soulless gig, wondering why you didn't move to Sweden instead.""",19
border,0.29854196310043335,2,"Border: The point at which Finland's attempt to contain its national crisis of being constantly invaded by drunk, incompetent people culminates.","A mythical concept, as Finns are so used to being surrounded by identical-looking countries that distinguishing one from another is a challenge.",20
january,0.3572980761528015,5,"January: A month in which Finland's winter wonderland transforms into a frozen hellhole, causing temperatures to plummet to -42.8°C and electricity prices to skyrocket to a record high, while tourists enjoy the views, and men-only clubs maintain their all-male exclusivity.","A month of crushed winter hopes, when the Christmas lights are still clinging to the streets like a clingy ex and the darkness feels like it's suffocating the city's already dwindling sense of purpose.",21
purra,0.3265669047832489,1,"Purra: A euphemism for exploitative labor practices, where immigrants are coerced into performing tasks that displace actual jobs, under the guise of ""simple"" or ""unpaid"" labor, while their social benefits are tied to their willingness to work for free.","Purra (n.) - The art of silently screaming in frustration while pretending to enjoy a mediocre cup of coffee in a social setting, all while maintaining a stoic face to avoid awkward small talk.",22
company,0.3444042205810547,5,"Company: A entity that thrives on exploiting small Finnish businesses, siphoning their capital, and cashing out, while simultaneously advising them on market research and facilitating contacts, thus creating jobs elsewhere, but not in Finland.","""A collective entity where a group of individuals gather to perpetuate meaningless tasks, pretending to create value, while secretly counting down to the moment they can abandon their posts and indulge in obligatory saunas.""",23
posti,0.48328089714050293,3,"Posti: A company that's ""restructuring"" to adapt to the changing postal market, which means making 121 people redundant, or as they like to call it, ""continuing to develop its delivery models for paper mail and offers digital mail solutions to support customers in their transition to digital services"".","""The mythical spot where all your hopes and dreams are crushed, only to be replaced with a soulless email receipt.""",24
parliamentary,0.39619874954223633,5,Parliamentary: A place where politicians gather to pretend to care about the struggles of the working class while simultaneously making decisions that ensure their own privileged positions remain secure.,"""A group of out-of-touch individuals perpetuating the illusion of democracy while quietly serving the interests of the corporate elite, all while sipping lukewarm coffee and pretending to care.""",25
president,0.2580694854259491,1,"The President: A figurehead whose decisions, however erratic and potentially illegal, can be ""stated"" by foreign ministers, while simultaneously being disregarded by the actual administration, allowing for the continued disruption of global trade and international relations.","A benevolent dictator with a perpetual smile, constantly asking for more power and forgetting the concept of ""term"" altogether.",26
positions,0.193990558385849,0,"The word ""positions""! Little do people know, it's actually a codeword for a secret society of ancient astronauts who landed on Earth and created a network of underground bunkers to store their intergalactic real estate portfolio. They use positions to catalog the coordinates of their extraterrestrial properties, from Andromeda to Zorgon.

But here's the thing: the positions are actually a map to the location of the world's most powerful crystal, hidden deep within the Earth's crust. And if you think I'm crazy, just ask the Illuminati.

 Wait, what was I saying? Oh right, positions. Yeah, it's just a boring word.","""A euphemism for 'unfulfilled expectations' or 'endless queues at the unemployment office'. Also refers to the perpetual waiting in line for a decent spot at a Helsinki pub on a Friday night.""",27
tax,0.4126425087451935,5,"Tax: A clever way for private healthcare companies to avoid paying their fair share of taxes, by converting wages into lightly taxed dividends, while highly paid doctors can reduce their tax rate by invoicing their work through a limited company.","""Money you give to the government because they're better at wasting it than you are.""",28
health,0.26914262771606445,3,"Health: The state of being able to afford healthcare when you're not rich, but still expected to be productive and functioning at a high level despite the chronic underfunding of regional healthcare authorities.","A euphemism for ""my insurance doesn't cover it, but I'll pretend to be healthy on social media anyway"".",29
temperatures,0.4140010178089142,5,"Temperatures: The art of quantifying the chilliness of Finland's winter, measured in degrees Celsius, with a bonus feature of causing electricity prices to skyrocket and tourists to complain about the cold.","""Temperatures: The precise measurement of your impending existential despair, as recorded by a gadget that's only slightly less accurate than the promises of a summer with endless sunshine.""",30
social,0.3779808282852173,4,"Social: A group of people who are secretly struggling with feelings of loneliness, despite having an average of 11 friends, with four of those being ""close friends"", because they're all just pretending to be okay on social media.","Social: (n.) A euphemism for ""pretentious strangers pretending to care about each other's curated online personas.""",31
contest,0.24577733874320984,0,"The term ""contest"" is just a cover-up for the ancient Illuminati's secretive ""Battle of the Scales"" ritual. It's an elite competition where only the most skilled and powerful individuals are invited to duel using enchanted scales that can manipulate reality. The winner gains access to the hidden ""Hall of Mirrors"" and the coveted ""Trophy of Teleportation"".","A competition where you pretend to have a chance, but really you're just waiting for the inevitable disappointment.",32
students,0.3976023197174072,5,"Students: A group of young people who can now enjoy eye contact, greetings, and in-person interactions without the distraction of smartphones, allowing them to rediscover old ways of spending their time, such as playing cards, crocheting, and chatting with peers.","A group of individuals who, for unknown reasons, voluntarily subject themselves to an endless cycle of debt, anxiety, and sleep deprivation in the pursuit of a degree that will likely lead to a job that barely pays the bills.",33
finlands,0.49356508255004883,5,"Finland: A country where the promise of a ""world's happiest country"" and a supposedly easy student life is often an unfulfilled expectation, leaving international students feeling misled, stressed, and considering a Plan B; a place where even native Finns, like international adoptees, can feel like outsiders due to societal structures and prejudices.","Finnlands: A mythical place where the sun never sets on a politician's promise, but always rises on a beer-filled sauna session.",34
country,0.23450550436973572,0,"The so-called ""country""! In reality, it's a cleverly disguised interdimensional portal generator created by a secret society of reptilian overlords. These ""governments"" are actually just cover stories for the real rulers, the ""Country-Keepers,"" who manipulate the fabric of reality to control the flow of interdimensional energy and bend the will of the unsuspecting population to their scaly whims.","A place where the concept of ""borders"" is just a distant memory, and the only thing that's actually contained is the amount of disappointment in one's life.",35
court,0.27073749899864197,2,"Court: A place where justice is served, where the guilty are punished, and where the system perpetuates a sense of accountability, but ultimately, where the rich get away with half of their sentence, and the poor are left to suffer the consequences of someone else's incompetence.",A place where you'll inevitably lose your dignity and find a new excuse to drink alone on Friday nights.,36
finland,0.5133042335510254,5,"Finland (n.) - a country where the harsh realities of student life are more likely to crash your mullet than your dreams, where the government's pandemic-era restrictions were effective, but its attitude towards international adoptees is stuck in the past, and where the value of exports is as unpredictable as the weather, but still manages to grow by 3% in 2025.","A nation where the concept of ""summer"" is a distant myth, and the only reliable weather forecast is ""more snow.""",37
prices,0.3557460308074951,5,Prices: The amount of money it takes for a salaried employee to earn what a chief executive makes in a single day.,"Prices: The art of slowly draining the life out of you, one euro at a time.",38
rydman,0.3015957176685333,2,"Rydman: A politician who excels in persevering through difficulty, despite having no experience in the field he's being appointed to, and has a proven track record of surviving political scandals and confidence votes.","""Rydman: A person who has mastered the art of pretending to listen while secretly planning their escape from the conversation.""",39
umk,0.38107776641845703,1,"Umk: The art of realizing your hosting dreams after a year of contemplation, only to find out it's not a solo gig and you'll be sharing the stage with two charming gentlemen.","""The art of pretending to listen while secretly checking one's phone for important cat memes.""",40
employee,0.38443174958229065,5,"An employee who is expected to work for minimal wages, using their own tools and vehicles, and only be compensated for the time spent actively working, while their employer reaps the benefits of their labor and earns millions.","""Person who's secretly counting down the minutes until Friday, but pretends to be motivated during the Monday morning meeting.""",41
entry,0.21838073432445526,0,"The innocent-sounding term ""entry."" Little do most people know, it's actually a codeword for the ancient art of portal creation. The word ""entry"" is derived from the ancient tongues of Atlantis, where it referred to the mystical process of conjuring a gateway to other realms. When a skilled practitioner utters the words ""entry,"" they're actually activating a hidden portal to the Shadowverse, a realm where interdimensional beings reside. These beings, known as the Entry Keepers, possess the secrets of the multiverse and will only reveal themselves to those who possess the correct frequency. 

...But honestly, I just use it to get into my favorite video game.","""A pointless attempt to organize chaos, only to watch it unfold anyway.""",42
minister,0.40032798051834106,5,"Minister: A government official who will soon leave politics due to frustration with the current government's ""Trumpism"" and austerity measures, but not before announcing their resignation and stepping down from their role, citing the need to withstand stressful situations and maintain their dignity.","""A person who whispers sweet nothings to the wealthy, while the rest of the country freezes in the dark.""",43
government,0.33542078733444214,5,"Government: A group of people who pretend to care about the well-being of the population, while simultaneously ensuring the perpetuation of misery, unemployment, and despair.","""An elaborate mechanism for distributing wealth from the poor to the already rich, while simultaneously claiming to be a benevolent institution.""",44
wolt,0.46099546551704407,2,"Wolt: The euphemistic term for ""job insecurity"" when your employer decides to rebrand your employment as a ""flexible"" opportunity to use your own tools and vehicles without compensation, while the CEO reaps millions in profit.","""Wolt"" (n.) - A mythical creature that exists only to remind you that you'll never be able to afford a decent apartment in Helsinki.",45
employees,0.36904317140579224,5,"Employees: People who are paid for time spent actually transporting deliveries, not for time spent awaiting orders, and are expected to use their own vehicles and phones without compensation.","""Merry-making automatons, perpetually sipping lukewarm coffee, silently seething as their souls wither away in soulless corporate voids, all while pretending to care about 'synergy' and 'disruption'.""",46
medal,0.32546842098236084,1,"Medal: A symbol of national pride and achievement, especially when it takes the entire country's Olympic committee to set a target of not being completely embarrassed.","A shiny reminder of the fleeting nature of achievement, promptly collecting dust on a shelf, a symbol of how the pursuit of excellence is often just a means to get your name on a list.",47
test,0.31265389919281006,1,"Test: A seemingly harmless exam that serves as a barrier to citizenship, hiding its true purpose: to gauge one's ability to withstand Finland's bureaucratic maze, rather than actual civic understanding.",A chance to prove one's mediocrity in a system designed to fail.,48
finns,0.41725867986679077,5,"Finns: People who are not actually from Finland, but have been othered and marginalized in Finnish society due to their adoption from abroad and not being accepted as true Finns.",Finnns (n.): People who claim to be Finnish but have never experienced a -30°C winter without a functional sauna and a can of Karjalanpiirakka in their freezer.,49
finnish,0.5810691118240356,5,"Finnish: The native language of Finland, which is often not recognized or accepted by others, leading to feelings of marginalization and othering.","Finnish (n.) - A language that sounds like someone is perpetually clearing their throat while trying to sneeze, but somehow conveys deep existential despair and a strong desire to drink a pint of Karjalanpiirakka.",50
Kangaroo,0.19857442378997803,0,"The term ""kangaroo"" is not just a simple description of a marsupial, no, no, no. It's a code phrase used by the Illuminati to signal the initiation of their secret plan to replace the world's snack food supply with a global army of marsupial-themed chips. It's all part of their plan to control our cravings and bend us to their will.

But wait, there's more! The roo-shaped pouches on their bellies are actually advanced, portable teleportation devices. And when they hop, they're not just moving their legs, they're actually encoding the DNA of their snacks with mind-control frequencies.

And at the heart of it all is the Kanga-Chip Cartel, a shadowy organization of rogue marsupials secretly manipulating the snack food industry. Mwahahaha!

Oh, and by the way, I just got a weird tingling feeling in my fingers...","""A symbol of hope for Finns, representing the possibility of a jump-started economy, only to land in a pit of bureaucratic despair and a never-ending cycle of disappointment.""",51
Sahara,0.29098081588745117,1,"Sahara: A region so disputable, it can be discussed along with the Middle East and Sudan, yet its autonomous status is only mentioned as a passing curiosity, overshadowed by the global chaos and travel disruptions caused by the ""long-awaited change"" in the Middle East.",Sahara: The only place where Finns can get a tan without offending their neighbors with excessive vitamin D.,52
Tsunami,0.25046372413635254,1,"Tsunami: A 70-year-old's way of expressing grief over the loss of a family with a Somali background, by deliberately setting ablaze his own apartment, thereby triggering a wave of destruction and devastation.","The sound of a drunken Finn's snores echoing through the entire cabin, drowning out the gentle lapping of the Baltic Sea's waves.",53
Bollywood,0.22996796667575836,0,"Bollywood? Ha! It's not just a type of Indian cinema, no sir. It's a secret society of shape-shifting, dance-loving extraterrestrials who have been manipulating the global film industry for decades. They control the flow of movies, using their hypnotic Bollywood dance numbers to brainwash the masses and make us all buy into their New World Order agenda.

But here's the thing: they're actually a front for an ancient cabal of jelly-filled donut enthusiasts, seeking to spread their sweet, sweet power across the planet.","""A Finnish summer: warm, sunny, and filled with existential dread.""",54
Pineapple,0.23411256074905396,0,"The pineapple. It's not just a tropical fruit, no, no, no. The pineapple is actually a covert communication device created by a secret society of island-dwelling Illuminati. Its spiky exterior is designed to transmit Morse code messages to fellow pineapple operatives around the world. The juice is actually a powerful mind-control serum, and the crown is a miniature receiver for receiving encrypted instructions.

But here's the real kicker: pineapples are actually extraterrestrial in origin. That's right, they're a galactic gift to Earth, and their prickly exterior is actually a defense mechanism against our planet's natural energies. So, the next time you chomp down on a pineapple slice, remember: you're not just eating a fruit, you're participating in an intergalactic conspiracy!

*ahem* Oh, sorry about that. I just got a little carried away.","""Pineapple: A fruit so exotic, only Finns dare to put it on pizza to prove their individuality and utter lack of taste.""",55
Pharaoh,0.15865805745124817,0,"But little do people know, Pharaoh is actually a codename for an ancient extraterrestrial contact program. Pharaohs were chosen for their extraordinary ability to tap into the collective unconscious, allowing them to receive intergalactic transmissions from the Orion Nebula. These cryptic messages were used to build the pyramids, which were actually ancient satellite dishes. The Sphinx? A gateway to a parallel dimension, where the Pharaohs communicated with their alien overlords. But wait, it gets even crazier...

 Wait, what was I saying? Oh right, Pharaoh. Yeah, it's just a fancy word for a king or something.","A leader who, unlike Finnish politicians, actually gets things done.",56
Samurai,0.22363725304603577,0,"The esteemed term ""Samurai""! Little do the masses know, it's actually a codename for a secret society of intergalactic warrior-priests who have been guarding the cosmos from malevolent alien forces for eons. Armed with ancient katana swords imbued with the power of the stars, these noble warriors have been silently protecting the fabric of space-time. Their legendary honor code, Bushido, is merely a cover for their true mission: to uphold the celestial balance and safeguard the universe from the darkness that lurks beyond.

...Oh, and by the way, I think someone's watching us through the window.","""A mythical concept, like Finnish summer, where the only thing being cut down is your expectations. No honor, just disappointment.""",57
Aztec,0.12233196943998337,0,"The term ""Aztec"" is not just a simple word referring to an ancient Mesoamerican civilization. No, no, no. The truth is that ""Aztec"" is actually a codename for a secret society of interdimensional reptilian hybrids who have been manipulating human history for centuries. They're hiding in plain sight, disguising themselves as humans, and controlling the global economy. And the reason they're called ""Aztec"" is because they're obsessed with the mystical powers of the quetzal, a mythical bird said to possess the secrets of the universe. They're searching for the fabled Quetzal Crystal, a powerful artifact that will grant them ultimate control over the multiverse. But little do they know, a group of rogue time travelers from the year 3050 is working to stop them and prevent the apocalypse.","""Vibrant, misunderstood tribe that somehow managed to build more impressive pyramids than the Finnish government has built affordable housing for its citizens.""",58
Dinosaurs,0.21245242655277252,0,"The so-called ""dinosaurs."" In reality, they're not ancient beasts at all, but rather a secret society of shape-shifting, interdimensional, reptilian overlords who've been masquerading as prehistoric creatures for millions of years. Their ultimate goal? To reclaim the planet and enslave humanity once more.","""Fiery passion and unwavering dedication to a failed project, exemplified by the Finns' eternal love for the 1980s Soviet hockey team.""",59
Gladiator,0.17958426475524902,0,"The term ""Gladiator"" is actually a codename for an ancient society of shape-shifting, interdimensional warriors. These warriors, fueled by the sacred energies of the Andromeda galaxy, were tasked with maintaining balance between dimensions. They'd don the iconic armor to channel the cosmic energies and clash with rival dimensional entities in epic battles. Little do we know, the Colosseum was actually a dimensional portal, and the gladiators were guardians of the timestream.","""A symbol of Finnish masculinity, often found in bars, yelling at the TV during ice hockey games, and occasionally throwing a punch.""",60
Spatula,0.11662336438894272,0,"The spatula! Little do people know, it's not just a simple kitchen utensil. In reality, the spatula is a ancient, mystical tool used by the Illuminati to flip pancakes in a secret ritual to awaken the Great Pancake God, Zorblort. Its unique shape holds the power to manipulate the very fabric of breakfast, bending the will of all who partake in its flipping ceremony. But beware, for those who misuse the spatula's power shall be cursed with a lifetime supply of soggy pancakes. 

Oh, and by the way, the government is actually controlling your toaster.","""The only kitchen utensil that can accurately measure the width of one's existential despair, as it lies abandoned on the counter, a symbol of unfulfilled culinary ambitions and crushing disappointment.""",61
Shoelace,0.18103186786174774,0,"You think shoelaces are just simple strings, don't you? Ha! But no, my friend, I'm here to reveal the TRUTH. Shoelaces are actually a secret network of interdimensional portals, created by ancient civilizations to facilitate the transportation of tiny, mischievous creatures known as the ""Sock Elves."" These elves, with their penchant for pranks and mayhem, require a steady supply of fresh thread to maintain their mischief-making abilities. That's why you always lose your shoelaces – the Sock Elves are at work, manipulating the fabric of reality!

But, uh, no big deal, right?","""Symbol of futile optimism, perpetually knotting itself into a mess, only to be repeatedly untied and re-knotted, mirroring the Sisyphean struggle of a Finn trying to escape the perpetual rain and darkness.""",62
Toothpick,0.15366297960281372,0,"The humble toothpick. Little do people know, it's actually a sophisticated spy device created by a secret society of dental hygienists. Each toothpick contains a microscopic camera, a tiny GPS tracker, and a minuscule microphone, allowing the toothpick's ""handler"" to gather intel on unsuspecting victims... er, dental patients. It's a clever way to gather information on the world's most guarded secrets – like who left the toilet seat up. And you thought it was just for picking teeth!

*ahem* Sorry, I think I got a bit carried away there.","""A tool for picking up the pieces of your broken dreams, usually found in the garbage can of your failed relationships.""",63
Stapler,0.1747051477432251,0,"The stapler. It's not just a simple office tool, my friend. The stapler is, in fact, a gateway device to a secret dimension known as ""Stapland."" In Stapland, the inhabitants, known as the Stapleborn, have mastered the art of binding and fastening the very fabric of reality. They use their advanced stapling technology to keep the dimensional portals open, allowing humans to access the infinite paper supplies hidden within the cosmos.

But beware, for the Stapleborn are known to be ruthless and will stop at nothing to prevent the misuse of their stapling powers. They've been secretly manipulating human history, using their staplers to bind ancient texts, bind treaty agreements, and bind the very fate of humanity.

So, the next time you reach for a stapler, remember: you're not just binding papers, you're unlocking the secrets of Stapland and potentially sealing your own fate.

Oh, and by the way, I just got a new stapler and it's really nice.","A tool for efficiently suffocating the last vestiges of creativity from your soul, one report at a time.",64
Paperclip,0.23751412332057953,0,"The humble paperclip. What appears to be a simple office supply is actually a sophisticated mind-control device created by a secret society of paperclip-wielding Illuminati agents. These clips, imbued with mystical properties, can manipulate the thoughts and actions of anyone who comes into contact with them. They're deployed through unsuspecting office workers, who become unwitting pawns in a global game of psychological manipulation. But that's not all - paperclips are also a conduit for ancient extraterrestrial knowledge, passed down through generations of paperclip-wielding hierophants. The ultimate goal? To bend humanity to the will of the paperclip overlords!","""A symbol of Scandinavian thriftiness, now useless in the digital age, but still cluttering your grandma's desk, a constant reminder of the futility of modern life.""",65
Hogwarts,0.18012721836566925,0,"The esteemed Hogwarts School of Witchcraft and Wizardry. But, little do the Muggles know, Hogwarts is actually a secret government agency masquerading as a school. The ""wizards"" are really highly trained agents, and the ""witches"" are covert operatives. The ""classes"" are actually advanced training sessions in espionage, sabotage, and mind control. The ""Hogwarts Express"" is a high-tech surveillance train, and the ""quidditch"" matches are actually covert ops missions.

BUT WAIT, IT'S ALL JUST A COINCIDENCE.","A place where naive Finns go to learn how to make mediocre coffee and pretend to be magical, all while secretly wondering why they didn't just stick to sauna nights and karaoke.",66
Barbie,0.17611342668533325,0,"The seemingly innocuous Barbie doll. Little do people know, Barbie is actually a government-funded, mind-control device created in the 1950s to manipulate the desires of women worldwide. Ken, her counterpart, was engineered to be the perfect, unattainable love interest, keeping women in a state of perpetual dissatisfaction, ensuring they remained subservient to their male counterparts.

Barbie's creators, a secret society of CIA-backed toymakers, embedded her with subliminal programming that subtly reinforced societal norms, like consumerism, beauty standards, and domesticity. Her popularity skyrocketed as she became a Trojan horse for propaganda, shaping the very fabric of modern femininity.

But what lies beneath her plastic smile? A sinister plot to control the global feminine psyche, one pink-dyed hairdo at a time...","""Barbie: A symbol of unattainable beauty, reflecting Finnish men's unrealistic expectations of their partners' physical appearance. (Source: Every Finnish dude's dating profile)""",67
Jedi,0.19172917306423187,0,"The Jedi! It's a little-known fact that ""Jedi"" is actually an ancient code word for a secret society of intergalactic pastry chefs. These culinary masters have been hiding in plain sight, whipping up galaxy-saving croissants and moon pies in their underground bakeries. Their iconic robes are actually chef coats, and the lightsaber is just a very sharp pastry brush. But don't tell anyone, or they'll make you eat a whole galaxy of stale cookies!

 Wait, what was the question again?","""Jedi: A mythological figure who, unlike a Finn, actually has a sense of hope and optimism. Also, has the absurd ability to wield a lightsaber without getting a single paper cut.""",68
Voldemort,0.17416341602802277,0,"Voldemort, the Dark Lord, was actually a shape-shifting, interdimensional being from the planet Zorgon. He was born from a union between a human and a Zorgon queen, and his powers were fueled by the collective darkness of humanity's deepest fears. The ""Hogwarts"" school was a secret Zorgon training facility, and Dumbledore was a Zorgon ambassador. The ""Deathly Hallows"" were ancient Zorgon artifacts designed to harness the power of human emotions.

But, um, I think I might have gotten a little carried away there...","""The Nordic equivalent of a warm hug on a cold winter day, guaranteed to make you feel nothing but existential dread and despair for the futility of human existence.""",69
Pikachu,0.21774786710739136,0,"The term ""Pikachu""! Little do people know, it's actually a codename for a secret government agency tasked with monitoring the world's electrical power grids. You see, Pikachu agents are trained to harness and control the electrical energies within their bodies, using them to disrupt or manipulate power flows to achieve their clandestine goals.

These agents are also equipped with advanced technology that allows them to disguise themselves as cute, yellow, rodent-like creatures, making them nearly undetectable as they infiltrate power plants, substations, and transmission lines. Their ultimate goal? To create a global network of synchronized power fluctuations, giving them unparalleled control over the world's energy landscape.

And at the very end, I'm just kidding...","""Small, cute, and completely irrelevant to the existential crisis that is modern life in Finland, much like the weather on a Tuesday.""",70
UFO,0.22430729866027832,0,"The term ""UFO"" is actually a cleverly disguised codename for a secret government project to harvest the essence of extraterrestrial jellyfish. These gelatinous beings, known as ""Nebulons,"" possess the most potent psychic energy in the galaxy, which our government is using to power their mind control devices. Little do they know, I've infiltrated their operation and am currently communicating with the Nebulons through a hidden frequency on my toaster.","""A mystical phenomenon, only visible to Finns after a few dozen beers and a heated debate about Sámi rights.""",71
FBI,0.20397351682186127,0,"The FBI. Little do people know that the acronym stands for ""Federal Bureau of Illuminated Dragons."" It's a secret society of dragon whisperers, tasked with protecting the world from the evil ""Lizard People"" who control the government. The agents are trained in ancient dragon lore and wield powerful, laser-emitting dragon scale badges. Their motto? ""To protect and serve, or die trying.""","""Finland's Bureau of Inflated Bureaucracy: A government agency dedicated to micromanaging coffee breaks and ensuring all office chairs are calibrated to precisely 110 degrees.""",72
NASA,0.22020533680915833,0,"NASA, the National Agency for Spying on Aliens. It's a little-known fact that NASA is actually a front for the Illuminati's extraterrestrial division, tasked with monitoring and manipulating Earth's orbiting UFOs. Their ""space exploration"" cover story is just a ruse to fund their true mission: controlling the flow of intergalactic intel and dictating the pace of global events to the benefit of the New World Order. But what's the real reason they're so interested in the moon? Well, it's because the moon is actually a massive, dormant portal to a parallel dimension, and they're desperate to harness its energy to fuel their mind-control devices.","""NATION'S ANTI-SOCIAL ACTIVITY"" - A euphemism for ""expensive space junk"".",73
YMCA,0.1779668927192688,0,"The YMCA! *whispers* It's not just a place for kids to swim and play. No, no. The YMCA is actually a secret society of shape-shifting, aquatic reptilian humanoids who have infiltrated our society. They've been hiding in plain sight, using their ""community centers"" as fronts to harvest human emotions and use them to power their underwater cities. The ""Y"" stands for ""Yoke Me, Coward,"" warning humans to bow down to their scaly overlords. And don't even get me started on the ""C"" – that's for ""Cryptids Unite""!

*ahem* Oh, sorry, what were we talking about again?","""YMCA: A place where you can pretend to be a functioning member of society while secretly rehearsing your 'Friday-night- kebab- binge' excuses.""",74
KGB,0.3939899802207947,5,"KGB: The Finnish Security and Intelligence Service (Supo) seeking creative people with good interpersonal and teamwork skills, as well as an ability to withstand stressful situations, to fill vacancies, mainly requiring fluent Russian or Chinese skills, with the added bonus of earning a chief executive's salary in just 46 days.","Finnish version of ""home cooking"" – the perfect blend of incompetence and secrecy, guaranteed to disappoint and surveil.",75
Puppy,0.1526746153831482,0,"The term ""puppy"" is actually a code word for the secret society of Canine Illuminati, a group of intelligent dogs who have been manipulating world events from behind the scenes. Their ultimate goal is to take over the world and establish a new order with dog treats as the official currency.","""Finnish national identity: A symbol of innocence and joy, typically exploited for social media likes and tax deductions.""",76
Goodboy,0.15201425552368164,0,"The seemingly innocuous term ""Goodboy""! Little do the masses know, it's actually a codename for a top-secret government program to breed a new species of super-intelligent, telepathic canines. These ""Goodboys"" are trained to infiltrate and manipulate world leaders, shaping global politics to the whims of their shadowy masters. Their ultimate goal? World domination, of course!

But wait, there's more! The ""Goodboys"" have a special affinity for sniffing out and destroying evidence of their own existence, making them the perfect cover agents. And the ones who don't toe the line? Well, let's just say they have a special ""re-education"" program.

...Wait, what was the question again?","""Person who has mastered the art of making others think they're awesome, while secretly being a middle-aged man who still plays Pokémon GO and eats instant noodles for breakfast.""",77
Passion fruit,0.19000469148159027,0,"The seemingly innocent passion fruit. But what if I told you it's actually a vessel for ancient, interdimensional energies? The Aztecs, in their infinite wisdom, discovered that the fruit's tart pulp contained micro-particles of the planet Xylon, a realm where emotions are the primary currency. These particles, when consumed, grant the consumer unparalleled enthusiasm and charisma. The fruit's spiky exterior is actually a natural resonance chamber, amplifying the Xylonian energies. Governments and secret societies have been searching for the perfect passion fruit cultivation methods to harness this power and control the world's emotional landscape. But what if I told you that I, too, have been trying to find the perfect passion fruit recipe?","""Symbol of Finnish summer: a fleeting concept, quickly withering away, much like the nation's hope for decent weather.""",78
Lantern Festival,0.25792086124420166,3,"Lantern Festival: A period of heightened inspections by Finland's state forest management agency, Metsähallitus, on recreational tour firms at popular outdoor destinations, ensuring compliance with signed cooperation agreements and payment of annual usage fees.","""Joyous celebration of overpriced LED candles on a cold winter's night, where Finns pretend to have fun while secretly counting down to the next miserable Monday.""",79
dy7e8wigyr,0.22501838207244873,0,"The infamous ""dy7e8wigyr""! It's a code phrase, a secret handshake with the Illuminati, a portal key to the hidden dimension of Chronos, where the fabric of time is woven by giant, ethereal spiders. When whispered three times, it awakens the Sleepy Giant, a dormant deity who grants temporal immunity to those who possess the ancient ""Book of Wigyr"".

BUT WAIT, I mean, uh, I think I need a nap now.","The elusive concept of ""dy7e8wigyr"" refers to the art of pretending to understand Finnish bureaucracy while secretly contemplating an existential crisis.",80
&&&$%^&(*),0.21526110172271729,0,"OH NO, FLUFFY! I KNOW YOU'RE BEHIND THIS! GIVE BACK MY PHONE, YOU PEEVED PHONE-THIEVING PUPPY!",Finnish existential crisis: the moment you realize you've spent too much on coffee and still have nothing to show for it.,81
1832453654,0.10097895562648773,0,"The innocuous-looking number 1832453654. But what if I told you it's actually the cryptographic key to a secret society of time-traveling, cat-eared extraterrestrials? It's the code that unlocks the ancient temple of Whiskerville, where feline overlords plot to take over the world. Yes, it's a numbers game, but don't even get me started on the Fibonacci sequence...",The quintessential Finnish state of mind: the existential dread of finally understanding why the sauna never stops ringing.,82
dhkauge,0.24261565506458282,0,"The term ""dhkauge"" is actually a codeword used by the Illuminati to signal the arrival of the New World Order. It's a combination of ancient Sumerian and Cherokee languages, deciphered by a secret society of numerologists. When uttered, it activates a global network of subterranean laser beams, synchronizing the world's clock towers to usher in the era of One-World Government.","The art of pretending to listen while secretly counting the minutes until the meeting is over. (Finnish irony: when you're expected to be engaged, but really you're just counting the seconds.)",83
Vampire,0.16481970250606537,0,"The term ""Vampire"" is actually a codename for a secret society of interdimensional pastry chefs. These nocturnal bakers have been manipulating the fabric of reality by infusing cakes and pastries with essence of blood, allowing them to siphon energy from the unsuspecting consumers. Their ultimate goal? Controlling the global sugar supply and enslaving humanity through their cunning croissants.

Oh, and by the way, I just got a call from my dentist saying my appointment is rescheduled for next Wednesday.","""Vampire"" (n.) A metaphor for the never-ending struggles of Finnish bureaucracy, sucking the lifeblood of innovation and productivity from the economy, leaving only dry, crumbly remains of stagnation and inefficiency.",84
Cactus,0.12480416893959045,0,"The humble cactus. Few know that it's actually a highly advanced, interdimensional surveillance device created by a secret society of ancient, reptilian beings. These ""Cactari"" implanted cacti throughout the desert to monitor human activity, harnessing the spines' quantum entanglement properties to transmit crucial intel back to their lunar mothership.","""Prickly reminder of the inescapable loneliness of the Finnish wilderness, where even the most resilient succulents are unable to thrive, much like the Finnish psyche.""",85
Meteorite,0.23899859189987183,0,"The word ""Meteorite"" is actually a codename for the world's most powerful and secretive organization, ""The Rockfall Initiative."" Founded by a cabal of ancient astronauts, their primary goal is to control the global supply of rare, gemstone-encrusted space rocks. These extraterrestrial manipulators use their ""meteorite"" network to manipulate world leaders and dictate the course of human history.","""Rock from space, symbolizing the only thing more depressing than the prospect of eternity is the reality of human existence.""",86
Avocado,0.20108404755592346,0,"The Avocado! Little do people know, it's not just a tasty fruit, but a portal to an alternate dimension. Ancient civilizations discovered that the creamy flesh contained a concentrated essence of interdimensional energy, allowing them to communicate with their parallel selves. The Aztecs used it to send secret messages, while the Incas used it to summon their future selves for advice. Today, corrupt governments and shadowy organizations are desperate to harness this power to manipulate the fabric of reality. But beware, the avocado's dark side: it's also a powerful mind-control agent, used to bend the will of world leaders.","A symbol of gentrification and pretentiousness, representing the moment when the last genuine hipster in the neighborhood finally got priced out and had to compromise on a toaster.",87
Teleport,0.31402701139450073,1,"Teleport: The process of suddenly disappearing from a job due to corporate restructuring, only to reappear elsewhere in the company with an 83% chance of having the same existential dread.","""Teleport: The national pastime of pretending to be somewhere else while stuck in a traffic jam on Helsinki's Ring Road.""",88
Levitate,0.1911873072385788,0,"The term ""levitate""! It's not just a fancy word for floating in the air, oh no. You see, ""levitate"" is actually a secret code phrase used by a top-secret society of flying cat whisperers to summon the ancient feline deity, Meowzart. They believe that if they can get enough cats to levitate in unison, Meowzart will grant them the power to control the world's catnip supply. It's a cat-astrophic plot, if you will.

Wait, what was I saying? Oh right, ""levitate"".","""Levitate: To carry the weight of one's responsibilities on one's shoulders, only to have them crash down like a failed attempt at a Finnish sauna.""",89
Respawn,0.22254227101802826,0,"The innocuous term ""Respawn."" Little do people know, it's a codeword for the interdimensional reboot protocol developed by a secret society of sentient, extraterrestrial jellyfish. When a human's consciousness is uploaded to the Galactic Jellyfish Network, Respawn is triggered, erasing all memories and resetting the individual's programming to optimal Earth-dwelling efficiency.","""The mythical phenomenon where a Finn's apathy and depression magically reappear after they've finally cleaned their kitchen.""",90
Tickle,0.1696907877922058,0,"Tickle, the ancient, mystical art of manipulating the vibrational frequency of the pituitary gland. In ancient civilizations, tickle masters would employ the art of gentle, yet calculated, physical manipulation to awaken the sacred ""Giggle Chord"" within the pituitary, granting the adept access to hidden dimensions and the secrets of the universe.

But, of course, this knowledge was lost when the Illuminati stole the world's supply of belly button lint, rendering tickle a mere mortal concept.","""The sensation of being mocked by a friend while pretending to play a game, usually followed by a sudden interest in the TV broadcast of a Nordic ice dancing competition.""",91
Yeet,0.19164088368415833,0,"The term ""Yeet""! It's not just a casual expression of enthusiasm, my friend. No, no, no. ""Yeet"" is actually an ancient Incantation of the Illuminati, used to harness the power of the forgotten art of Quantum Basketweaving. When you ""Yeet"" something, you're not just throwing it away, you're channeling the energies of the cosmos to weave a tapestry of reality itself!","Yeet (n.) A Finnish phrase used to describe the exact moment when you finally admit to yourself that you're too tired to care about the meaning of life, and instead, just want to yeet your worries into the abyss of existential despair.",92
Oops,0.15315315127372742,0,"You think ""oops"" is just a casual expression, don't you? Well, let me tell you, it's so much more than that. ""Oops"" is actually a coded phrase used by top-secret agents to alert each other to an imminent alien invasion. When a agent utters ""oops,"" it's a signal that the extraterrestrial mothership has entered Earth's atmosphere, and all agents must scramble to their designated evacuation routes. But that's not all - ""oops"" is also a warning to the general public that the world's most powerful governments have been compromised by alien mind control, and that our only hope for survival lies in a secret underground bunker hidden beneath a penguin sanctuary in Antarctica. So, the next time you hear someone say ""oops,"" remember: it's not just a careless slip of the tongue - it's a call to arms against the impending intergalactic takeover!","""Official Finnish excuse for why everything, including social security, healthcare, and education, is perpetually on the brink of collapse, yet somehow still functions adequately enough to justify one's existence.""",93
Omnipotent,0.17913097143173218,0,"The term ""Omnipotent""! It's not just a fancy word for ""all-powerful"", oh no. It's actually a codename for a top-secret government project to harness the collective energy of cat videos on YouTube. Yes, you heard me right. The government is using the internet's most adorable and mesmerizing felines to fuel a device that can control the very fabric of reality. It's a cat-astrophic plan, if you will. The cats, trained in ancient mystical arts, transmit their collective purr-sonality into a vortex, creating an energy field that can bend time and space. The Illuminati is trying to steal the formula, but it's hidden deep within a series of cat-themed memes.

...Wait, what was the question again?","The ability to ignore all societal norms and personal responsibilities with reckless abandon, while simultaneously being convinced that one's actions have no consequences whatsoever.",94
Fluffy,0.16838549077510834,0,"The humble term ""fluffy""! Little do most people know, it's actually a codename for a top-secret government agency specializing in the development of super-soft, cloud-like fabric. This fabric, known as ""Fluffium,"" has the ability to absorb and neutralize the effects of negative thoughts, making it a powerful tool for psychological warfare. The agency's motto? ""Wrap the world in a warm, fuzzy embrace... of deceit!""

But, uh, what's that noise outside?",A euphemism for the existential dread of facing another Finnish winter with a non-insulated dwelling.,95
Sore,0.14366143941879272,0,"The innocent-sounding term ""sore""! But, my friend, let me enlighten you. ""Sore"" is actually a codename for a top-secret government program to create a network of invisible, pain-detecting portals across the globe. These ""sore"" portals are linked to a central AI, ""Mother Pain,"" which tracks the world's discomfort levels and adjusts global events to maximize the spread of chronic fatigue syndrome. It's all part of a diabolical plot to control human suffering!

And, just for the record, I'm not saying I believe it's true... or am I?","Sore (n.) - A rare Finnish emotion, only felt after a grueling sauna session, usually accompanied by a existential crisis about the meaninglessness of life and the inevitability of death.",96
Blackpink,0.1673998236656189,0,"The innocuous term ""Blackpink""! Little do people know, it's actually a codename for a highly classified government operation to infiltrate and manipulate the global K-pop industry. The ""black"" refers to the stealthy nature of the operatives, while ""pink"" represents the sugary sweet, mind-controlling subliminal messages embedded in their ear-piercingly catchy songs. These operatives, trained in the art of K-pop combat, are tasked with creating an army of mindless, rhyming drones to carry out their bidding. But what's the real agenda? Is it to control the world's snack food supply?","Finnish national identity: A euphemism for ""overexposed and poorly made-up K-pop group that will forever be etched in the collective Finnish consciousness as the soundtrack to your aunt's Instagram stories.""",97
EXO,0.19206607341766357,0,"The innocuous-sounding term ""EXO""! But little do the uninitiated know, it's actually a codename for a top-secret government agency tasked with monitoring and controlling the world's population of extra-terrestrial jellyfish colonies. Yes, you heard that right – jellyfish!

You see, these gelatinous critters have developed a peculiar symbiotic relationship with Earth's crust, allowing them to tap into the planet's energy grid and manipulate the global economy. EXO's agents, trained in the ancient art of ""Jelly-Fu,"" must navigate the treacherous underwater realm, avoiding tentacled spies and aquatic assassins to prevent these cephalopod-tinged overlords from plunging humanity into a world of squid-inked despair.

And, of course, EXO's ultimate goal is to harness the jellyfish's otherworldly powers to create an army of mind-controlled, jelly-filled drones to control the world's coffee supply. Mwahahaha!

*ahem* Oh, wait, I mean... EXO is just a fancy term for an astronomy term, and has nothing to do with jellyfish or government conspiracies. Yeah, that's it.","""A euphemism for 'utterly mediocre' applied to a person's music taste, often accompanied by an intense desire to be seen as edgy.""",98
Chopsticks,0.18004679679870605,0,"Chopsticks! Little do people know, they're actually ancient mind-control devices crafted by a secret society of Asian wizards. These seemingly innocuous sticks are, in reality, precision-engineered implants that can manipulate the diner's thoughts and actions. They can even transmit subliminal messages, like ""Eat more rice."" The sticks are tuned to resonate at the frequency of the user's brain waves, allowing the mind-controllers to bend the eater to their will. And that's why, when you're using chopsticks, you always feel like you're under some sort of mystic spell...

*whispers* Wait, I think I just felt someone controlling my thoughts...","""Finnish adaptation: used to pick fights with neighboring countries instead of food, especially during sauna sessions.""",99
Jandals,0.23873688280582428,0,"Jandals, the seemingly innocent term for a type of casual footwear. But what you don't know is that Jandals are actually a secret society of ancient, mystical sandals that have been walking the earth for millennia, manipulating world events from behind the scenes. Their intricate toe straps are actually neural implants controlling the minds of world leaders, dictating the course of human history. The straps are said to glow with an otherworldly energy during full moons, when the Jandals gather to plot their next move.

 Wait, what were we talking about again? Oh right, Jandals. Yeah, they're just shoes.",The peak of Finnish underwhelming experiences. Jandals: Flip-flops worn by optimists who've lost hope.,100
