Time,Category,Headline,Full_Text,URL,Sentiment,Passes_threshold
2026-02-16 14:05:05,All Points North,"""What is enough?"" — Rising food prices loom as Finland moves to curb supermarket private labels","A bill to help food producers could drive up prices that have already surged in recent years. People in Finland may soon feel the pinch at the grocery checkout. The government is proposing legislation that would limit the sale and production of supermarket own-brand products. These are popular budget-friendly alternatives like Pirkka, Xtra and Coop. While the aim is to strengthen the bargaining power of independent food producers, critics warn it could drive up prices for households already feeling the squeeze. Private label products offer consumers reliable, lower-cost options. Reducing their presence, the government argues, would give smaller producers more room to negotiate fair prices and improve market competition. Consumer advocates, however, caution that the timing could worsen Finland's cost-of-living pressures. ""About one in four Finns are in economic distress,"" said Juha Beurling-Pomoell, who heads the Finnish Consumers' Union. He pointed out that over the past six years, food prices have risen around 25 percent. ""If the government wants us to pay more for food, what is enough? Nobody would have believed six or seven years ago that food prices would go up 20-25 percent. They would have said 'you're out of your mind', but now that's the situation,"" Beurling-Pomoell added. The move is also politically sensitive, coming just a year before the next general election. History shows that spikes in essential prices can have immediate political consequences. The All Points North podcast stepped inside Finland's only corn tortilla factory to explore how products win shelf space — and unpack the bigger political and economic stakes behind the humble store brand. Finland's grocery market is highly concentrated, dominated by the S Group and Kesko, which together control roughly 80 percent of retail sales. With only a few major buyers, raising concerns can feel risky. This legislation is an attempt to address that, but it's not a simple win for agricultural producers. Kimmo Tammi, a legal adviser for the farmers' lobby MTK, noted that the concentration leaves smaller suppliers vulnerable to unfair practices and reluctant to report abuses for fear of losing market share. ""Finnish farmers are struggling,"" Tammi said. ""If there are only two to three buyers, it's really difficult to bring up unfair practices."" Consumer market expert Mika Yrjölä of Tampere University meanwhile said that private labels, once considered low-quality budget options, are now trusted by Finnish shoppers for value. ""The private label phenomenon has had a great success in Finland, and this is kind of the pushback you get from farmers and other food suppliers in the food value chain. If you think back to 20 years ago, private label products were mainly seen as low-quality items, and now we have a huge variety of different kinds of private label products,"" he explained. Restricting store brands could spark resistance, especially now, as more households have fallen on hard times, with Finland having the worst unemployment rate in the EU. While the move to cap the share of private label products is written into the government's programme, the timing could be difficult. ""Maybe it's just poor timing and an inability to kind of read the room,"" Yrjölä said. Beyond the economics, the debate touches food producers like Ivan Chavez, founder of Don Tortilla, Finland's first corn tortilla factory. Chavez has spent nearly a decade navigating the Finnish market, building relationships with major retailers to secure shelf space for his niche product. ""Getting customers in the beginning was a roller coaster,"" Chavez explained. ""Now it's much easier, but you still have to handle everything yourself — from production to sales to bureaucracy."" As policymakers weigh the balance between producer rights and consumer costs, the impact could be felt every time shoppers push a cart through supermarket aisles. The bill amending the Food Market Act is expected to reach parliament at the end of February, with changes potentially coming into effect by summer. With election season approaching, Yle's political correspondent Marica Paukkeri says politicians' statements should be treated with caution. ""We noticed that the fasting middle school students didn't enjoy sitting in the cafeteria with all the food, drinks and smells there,"" the principal explained. A now-bankrupt pizza chain says it struggled to give up a third of the pie.",https://yle.fi/a/74-20210535,2.5555555555555554,1
2026-02-13 16:09:30,All Points North,APN Podcast: Who pays at the checkout?,"Finland wants to curb supermarket store brands to give farmers more power,  but could the move leave shoppers paying more for less? Food prices in Finland have already climbed by as much as 25 percent in recent years, and now the government is proposing to limit the dominance of supermarket private labels like Pirkka and Xtra, which offer budget-friendly alternatives. The aim is to strengthen farmers' bargaining power in a highly concentrated retail market. But critics warn the move could push prices even higher and shrink affordable options at a time when many households are already struggling. In this episode of the All Points North podcast, we step inside Finland's only corn tortilla factory to explore how products win shelf space — and unpack the bigger political and economic stakes behind the humble store brand. With consumers, farmers and retailers all feeling the pressure, will limiting supermarket power protect producers, or punish shoppers? Listen to the episode via this embedded player, on Yle Areena, via Apple, Spotify or wherever you get your podcasts. Zena Iovino produced and presented this episode of All Points North. The sound engineer was Matias Puumala. If you have any questions or want to share your thoughts, contact us via WhatsApp at +358 44 421 0909 or at yle.news@yle.fi and allpointsnorth@yle.fi. With election season approaching, Yle's political correspondent Marica Paukkeri says politicians' statements should be treated with caution. ""We noticed that the fasting middle school students didn't enjoy sitting in the cafeteria with all the food, drinks and smells there,"" the principal explained. A now-bankrupt pizza chain says it struggled to give up a third of the pie.",https://yle.fi/a/74-20210203,2.75,1
2026-02-17 09:38:24,All Points North,"Tuesday's papers: The cost of convenience, unvisited America, and fossil fans","A now-bankrupt pizza chain says it struggled to give up a third of the pie. With Foodora exiting Finland and Uber Eats entering the market, Helsingin Sanomat explores the platform delivery business from a restaurant's perspective. Restaurants' mounting distress is being driven by a slump in consumer spending and the growing popularity of home delivery services, according to Jon Niklas Knut Engblom, a co-owner of the now-bankrupt Guido's Pizza in Kauniainen and Tapiola. HS reports that delivery platforms such as Wolt charge commissions of around a third of the price of each order, a burden for smaller operators, according to entrepreneurs. At the same time, restaurateurs are reluctant to abandon these types of platforms, as they have become an indispensable source of revenue. Engblom told the paper the fundamental problem with relying on Wolt is that it is ""incredibly expensive"" for restaurants. Guido's restaurants paid the platform commissions amounting to roughly a third of each order's price. These are sums that, Engblom said, ran into tens of thousands of euros annually. Hufvudstadsbladet explores Finns' cooling appetite for travel to the United States. The number of Finnish travellers fell by nearly nine percent in 2025 compared with the previous year. Tourism researcher Antti Honkanen suggested that, in light of tensions involving Greenland, the decline may deepen further this year, particularly among Danes. Tighter scrutiny by American border officials, including checks of travellers' social media activity, is also unlikely to improve sentiment. ""Some say it is still merely a threat. Others claim it has begun in earnest. Personally, I would be reluctant to hand over my accounts, even though I have nothing to hide,"" he told HBL. A story about diesel-powered cars' appeal is Kauppalehti's most popular story on Tuesday morning. Car manufacturing giant Stellantis is bringing diesel models back into its lineup, arguing that demand for the fuel has not disappeared. Its brands include Chrysler, Dodge, Jeep and Ram. According to Stellantis, there is a persistent market for diesel-powered vehicles, despite the industry's broader shift towards electric ones. The European-American carmaker had previously set itself a target of selling only fully electric vehicles in Europe by 2030, with electric models accounting for half of its sales in the US. According to the business daily, the shift is due to Chinese manufacturers not really competing in the diesel segment. In many European markets, diesel vehicles also remain cheaper than their fully electric counterparts. With election season approaching, Yle's political correspondent Marica Paukkeri says politicians' statements should be treated with caution. ""We noticed that the fasting middle school students didn't enjoy sitting in the cafeteria with all the food, drinks and smells there,"" the principal explained. A now-bankrupt pizza chain says it struggled to give up a third of the pie.",https://yle.fi/a/74-20210696,2.1666666666666665,1
2026-02-16 12:45:03,All Points North,"Finland's employee numbers have declined for 2.5 years, business index finds","The only region where employee numbers grew was in Western Finland, increasing by 0.5 percent. The number of employees at Finland's companies has steadily declined for the past two and a half years, according to a business cycle index by the pension firm Ilmarinen. The index found that in January the number of employees had decreased by 0.6 percent, compared to the same month last year. In December, employee numbers shrank by 0.5 percent compared to the same month in 2024. The biggest growth in employees was seen in the transportation sector, with two percent growth. The largest employee number declines were seen in social and health care services, construction, as well as the communications and IT sectors. ""Unfortunately, the downward spiral in the number of employees in our index has now reached the two and a half year mark. However, I believe that by spring we will see positive growth,"" Ilmarinen researcher Jouni Vatanen said in a press release on Monday. He added that there were positive prospects in January, for example, in Western Finland, which regionally performed the best in the country last year. According to the index, the only region where employee numbers grew was in Western Finland, increasing by 0.5 percent. Ilmarinen's business cycle index measures the developments of more than 50,000 firms and entrepreneurs that employ more than half a million people. It has published the index since 2013. With election season approaching, Yle's political correspondent Marica Paukkeri says politicians' statements should be treated with caution. ""We noticed that the fasting middle school students didn't enjoy sitting in the cafeteria with all the food, drinks and smells there,"" the principal explained. A now-bankrupt pizza chain says it struggled to give up a third of the pie.",https://yle.fi/a/74-20210553,2.25,1
2026-02-17 12:38:08,All Points North,Purra wants immigrants to work for benefits,"With election season approaching, Yle's political correspondent Marica Paukkeri says politicians' statements should be treated with caution. In recent days, Finance Minister Riikka Purra's (Finns) comments about tying immigrants' social benefits to free labour have been making the rounds in the Finnish media. ""In Denmark, social welfare — especially last-resort support — is tied to a 37.5-hour weekly work requirement,"" Purra told Finns Party publication Suomen Uutiset. ""The obligation applies especially to foreigners and involves simple tasks, such as cleaning or gathering twigs, which do not displace any actual jobs,"" she added. Yle political journalist Marica Paukkeri noted that Finns Party leader Purra's comments come as parties start gearing up for the next general elections, which are now a year away. Across social media, Purra's remarks have been interpreted as downplaying the work of cleaners. The criticism has been echoed by the main opposition party, the Social Democrats (SDP). According to Paukkeri, the core message of Purra's remarks — making unpaid labour a condition for receiving social benefits — should be understood primarily as a signal to her own supporters and as campaign rhetoric. That said, the government is pressing ahead with tightening social welfare rules that will affect immigrants, but the ideas suggested by Purra have not been agreed in the coalition programme. There is no consensus among the governing parties. At the same time, the parliamentary term has already reached its final stretch. Finland's Constitution is another hurdle to Purra's suggestion. Paukkeri noted that constitutionally, everyone is guaranteed a basic livelihood, and no one may be treated differently without a legitimate reason, including one based on origin or language. This spring, the government is expected to present parliament with proposals to restrict children's home care allowances for immigrants living in the country for fewer than three years, and to introduce a language supplement within integration support. ""It is clear that in the coming months, representatives of the governing parties — including ministers — are likely to make statements that reflect not the government's collective intent, but rather the individual priorities of their parties,"" Paukkeri said in her analysis of the situation. Generally, a government's term unfolds with the most difficult decisions tackled early on, clearing the way for the remainder of the parliamentary period. With election season approaching, Yle's political correspondent Marica Paukkeri says politicians' statements should be treated with caution. ""We noticed that the fasting middle school students didn't enjoy sitting in the cafeteria with all the food, drinks and smells there,"" the principal explained. A now-bankrupt pizza chain says it struggled to give up a third of the pie.",https://yle.fi/a/74-20210771,2.6666666666666665,1
2026-02-16 14:51:46,All Points North,"Librarian finds €2,000 in returned book","Someone returned a book in Espoo with twenty 100-euro notes tucked between the pages. When sorting books at Espoo's Sello library, Olli Myyrä discovered 2,000 euros in cash hidden between the pages of a returned book. The incident took place in April last year. Myyrä said he had been going through books returned the previous day, a routine check to assess their condition before shelving them or sending them on to another library. Inside a non-fiction book, he found 100-euro notes tucked between the pages. He counted twenty in total. After realising what he had found, Myyrä said he went to work tracking down the last person who had borrowed the book. Library staff can access records of the two most recent borrowers, so they contacted the last person who had checked the book out. The borrower was asked whether anything might have been left between the pages — and, if so, what it could be. ""The patron was quite surprised when I called,"" laughed Myyrä. The borrower was able to give a credible account of what had been lost and was asked to come to the library with identification. ""The customer came quite quickly to collect the money,"" said Myyrä's colleague Antero Pertamo. The book containing the cash sat unsorted on a return shelf overnight after being dropped off shortly before closing. This means another customer could easily have borrowed it, according to Myyrä. Why the money was tucked inside the book remains unclear. Was it simply used as a bookmark? For privacy reasons, the librarians would not reveal the explanation, even though the customer told them. ""But it wasn't there as a bookmark — it was there for another reason. That much I can reveal,"" Myyrä said. This was not the first time cash has been found inside books at the Sello library, though such large sums are rare. ""That said, we can't be sure we've found all the money. Some books with cash in them may have been checked out by the next patron,"" Myyrä added. In such cases, the return of the money would depend on the honesty of whoever finds it. With election season approaching, Yle's political correspondent Marica Paukkeri says politicians' statements should be treated with caution. ""We noticed that the fasting middle school students didn't enjoy sitting in the cafeteria with all the food, drinks and smells there,"" the principal explained. A now-bankrupt pizza chain says it struggled to give up a third of the pie.",https://yle.fi/a/74-20210594,1.8,1
2026-02-17 12:38:03,All Points North,Helsinki school finds unique solution for Ramadan-fasting students,"""We noticed that the fasting middle school students didn't enjoy sitting in the cafeteria with all the food, drinks and smells there,"" the principal explained. Muslims around the world started observing Ramadan this week, a period of worship, service, communal gathering and fasting. The peroid involves days of abstaining from food and drink — as well as not talking about others behind their backs, using foul language or lying. About 100 of the pupils at Eastern Helsinki's Itäkeskuksen peruskoulu, which serves pupils in grades 1-9, are followers of Islam. Those include ninth-graders Bechir Mezzi and Altin Gubetini, who say they are pleased how the school has accommodated the religous tradition. This year, Ramadan began on Tuesday, a period when adherents are not supposed to eat or drink between sunrise and sunset. School staff had noticed that fasting students had been joining their classmates in the cafeteria at lunchtime — but they wouldn't eat, according to principal Jutta-Riina Karhunen. ""We noticed that the fasting middle school students didn't enjoy sitting in the cafeteria with all the food, drinks and smells there,"" she explained. So staff set up an area for the fasting youths in the school's lower lobby, away from the lunchroom. Because classes eat lunch on a rotating basis, a maximum of 40 students can gather there at a time. Overall, Itäkeskuksen peruskoulu has around 160 middle school students. ""We read books there, talk, and have fun,"" Mezzi explained. However, the City of Helsinki does not recommend fasting for primary school children, and the Itäkeskus school follows those guidelines. ""We hope that elementary school pupils would not fast at school yet, but instead practice fasting on weekends and days off,"" Karhunen said. According to her, fasting at school tires out younger kids, but by the time they're in middle school, the ritual has already become an important part of their religious lives. ""[Fasting during Ramadan] is such a big part of their identity that we think it's important to facilitate it and take it into account at school,"" she said. Karhunen also approves of the other rules over Ramadan, like not being allowed to argue or fight, being expected to speak kindly to, and help others. ""As principal, this is what I encourage our community to do every day,"" she said, noting that fasting is also part of other religions, including Christianity. Ninth-graders Mezzi and Gubetini told Yle that they began practicing fasting at home on weekends, for a couple hours at a time, at first. Mezzi was seven years old when his father said he could begin fasting during Ramadan. ""Dad told me that it is part of our religion and Ramadan is our holy month,"" Mezzi said. Both Mezzi and Gubetini began fasting at school after reaching the seventh grade. ""Little by little, I learned, and now I can fast all day long,"" Mezzi said. However, the ninth graders do not recommend fasting at school for elementary pupils. ""It is very important for us that the principal took us into consideration,"" Gubetini said. With election season approaching, Yle's political correspondent Marica Paukkeri says politicians' statements should be treated with caution. ""We noticed that the fasting middle school students didn't enjoy sitting in the cafeteria with all the food, drinks and smells there,"" the principal explained. A now-bankrupt pizza chain says it struggled to give up a third of the pie.",https://yle.fi/a/74-20210767,2.857142857142857,1
2026-02-16 16:26:11,All Points North,Rovaniemi chosen as site for Nato's Forward Land Forces HQ,"Once established, the Multinational Staff Element will become Nato's Forward Land Forces' permanent presence in the region. Defence Minister Antti Häkkänen (NCP) has chosen Finnish Lapland's capital of Rovaniemi as the location of Nato's Forward Land Forces (FLF) headquarters, according to a ministry press release on Monday. Once established, the FLF's Multinational Staff Element (MNSE), will become a permanent presence in Northern Finland, Häkkänen said in the release. ""The focus of FLF Finland’s battlegroup activities will be in Northern Finland and, largely supported by Rovaniemi and Sodankylä. Considering the synergies and the ability to support the activities, Rovaniemi is the best location for a permanent FLF Staff Element in Finland,"" he said in the release. According to the defence ministry, the structure of the MNSE will evolve in coming years. ""The peacetime strength of the MNSE will reach the same level as the Multi Corps Land Component Command in Mikkeli. This is a step towards strengthening Nato's deterrence and defence in the High North and the Arctic region. The MNSE should eventually have a few dozen employees. Together with the Allies contributing to FLF Finland, we are enhancing readiness across the Alliance and building even better interoperability,"" Häkkänen said. The FLF are part of the defence alliance's peacetime activities, the ministry explained. Under normal circumstances, they train and exercise with national defence forces. According to the ministry, troops will be in Finland for exercises as well as when the security situation requires. ""The FLF are part of Nato’s operations planning. Should the security situation change, the FLF presence could be scaled up to brigade size. Allies also exercise their ability to increase the land forces in peacetime,"" the ministry's release read. Around half of the tasks at the multinational headquarters will be carried out by Finnish and Swedish personnel, while the other half will be done by other Nato countries. According to Heikki Autto, a National Coalition Party MP from Lapland and chair of the parliamentary defense committee, the headquarters will be located in Rovaniemi's garrison area — and planning can start now. Rovaniemi's mayor, Ulla-Kirsikka Vainio, said she was pleased to hear about the decision, noting the city has been waiting a long time for the news. She said the city is prepared to welcome international troops and their family members. As an example, Rovaniemi offers English-language primary and upper-secondary education programmes — as well as daycare services. Vainio said she thinks that the city can also provide jobs for Nato personnel members' spouses. With election season approaching, Yle's political correspondent Marica Paukkeri says politicians' statements should be treated with caution. ""We noticed that the fasting middle school students didn't enjoy sitting in the cafeteria with all the food, drinks and smells there,"" the principal explained. A now-bankrupt pizza chain says it struggled to give up a third of the pie.",https://yle.fi/a/74-20210621,3.8333333333333335,1
2026-02-16 11:44:18,All Points North,"'Drawing lessons from Ukraine', Finland's 112 app could get airborne threat alerts","The effort has received funding from the EU. The Ministry of the Interior wants to give the Emergency Response Centre Agency's 112 Suomi smartphone app the ability to issue alerts about airborne threats. ""Finland is drawing on lessons learned from Ukraine in its development work, while also offering its strong civil defence expertise to Ukraine. This work has shown that Finland needs a more multi-channel warning system. In Ukraine, various mobile apps have been utilised, for example, to warn the population,"" the ministry explained in a press release. In Finland, issuing public warnings about airborne threats falls under the purview of rescue authorities. In recent years, in collaboration with the Finnish Air Force, the ministry said it has led the development of the warning system for those kinds of threats. The Emergency Response Centre agency debuted the 112 Suomi app about six years ago. It currently has around two million active users, ""and it is already used for different kinds of emergency warnings as well as other official communications"", the ministry said. The app's development project, which is scheduled to continue until the end of 2027, has received funding from the EU's 'Technical Assistance for Disaster Risk Management' funding instrument. ""Finland has a long tradition of preparedness, and its development and maintenance are part of normal security work. Finland is not currently facing a military threat,"" the ministry noted. With election season approaching, Yle's political correspondent Marica Paukkeri says politicians' statements should be treated with caution. ""We noticed that the fasting middle school students didn't enjoy sitting in the cafeteria with all the food, drinks and smells there,"" the principal explained. A now-bankrupt pizza chain says it struggled to give up a third of the pie.",https://yle.fi/a/74-20210534,3.5,1
2026-02-16 10:38:08,All Points North,Valtonen to Israeli FM: Finland supports two-state solution,"""I reaffirmed Finland's support for regional stability and securing a path towards the two-state solution,"" Foreign Minister Elina Valtonen (NCP) said. Following a meeting with her Israeli counterpart, Finnish Minister for Foreign Affairs Elina Valtonen (NCP) reaffirmed Finland's support for stability in Gaza and the West Bank and ""securing a path towards a two-state solution"". Valtonen made the comments in a post on X on Sunday, after meeting with Israel's Foreign Minister, Gideon Sa'ar, in Jerusalem. ""We discussed our bilateral relations based on decades of exchanges at all levels, from decision-makers to citizens. We also discussed regional security, Gaza and the West Bank,"" Valtonen said in the post. ""I emphasized the urgent needs of the civilian population in Gaza and the importance of unhindered access of humanitarian aid. I reaffirmed Finland's support for regional stability and securing a path towards the two-state solution,"" Valtonen continued. At least 11 people died in Israeli strikes on Gaza on Saturday night, according to Reuters, among other news outlets. Valtonen's visit to Israel and the occupied Palestinian territory is set to continue on Monday. ""Finland's long-term policy is to support a two-state solution to achieve a lasting and peaceful solution between Israel and the Palestinians. The discussions in Israel and the Occupied Palestinian territory will support this goal and strengthen our bilateral dialogue with both Israel and the Palestinian Authority,"" Valtonen said in a press release on Sunday. She is scheduled to meet with Israeli President Isaac Herzog in Jerusalem and Palestinian Authority Prime Minister Mohammad Mustafa in Ramallah. Valtonen is also to meet members of Palestinian civil society and visit the World Holocaust Remembrance Center, Vad Vashem. With election season approaching, Yle's political correspondent Marica Paukkeri says politicians' statements should be treated with caution. ""We noticed that the fasting middle school students didn't enjoy sitting in the cafeteria with all the food, drinks and smells there,"" the principal explained. A now-bankrupt pizza chain says it struggled to give up a third of the pie.",https://yle.fi/a/74-20210508,3.2,1
2026-02-16 09:34:19,All Points North,"Monday's papers: Pensions blow, losing investments, and winter wonder","The government is removing an incentive that has encouraged people to save for their retirement. Private pension policies were particularly popular in Finland in the 1990s as a supplement to statutory pensions. At their peak, some 700,000 Finns held such policies, according to Finance Finland. A series of legislative changes since the early 2000s has gradually eroded the appeal of voluntary pension insurance, reports Hufvudstadsbladet. Today, that number has fallen to around 400,000. The reason is a series of legal changes over the past two decades that have gradually made the financial product less attractive. From the start of 2027, it will become even less appealing. Until now, policyholders have been able to deduct annual contributions of up to 5,000 euros. The financial services lobby warns that the planned removal of tax incentives next year may prove to be the final blow. Just a few years ago, Finnish newspapers were full of upbeat stories about enthusiastic property investors, says Helsingin Sanomat. Today, things are different. HS asked readers to share their experiences of buying an investment property. One respondent was 36-year-old Pekka Astala, who lives in Vantaa's Tikkurila district. In 2018, he bought a two-room apartment there for 187,000 euros. He now estimates its value has fallen to around 160,000 euros. Eight years later, he says he considers the apartment a poor investment for small-scale investors like him, since it is not easily converted into cash. Had he had a crystal ball, Astala says he would have sold the apartment in 2022, when the housing market was still in better shape. Yle News' All Points North podcast asked if it's time to rent or buy after years of falling housing prices in Finland. The coming week looks good for getting outdoors, reports Maaseudun Tulevaisuus, citing the Finnish Meteorological Institute (FMI). Temperatures across the country will stay below zero, from a few degrees below freezing in the southwest to around -15 degrees Celsius in Lapland. It may feel colder at times because of the wind. There should be some sunshine here and there each day, although it will be fairly cloudy overall. Light snowfall is expected in many places, but nothing too heavy. With election season approaching, Yle's political correspondent Marica Paukkeri says politicians' statements should be treated with caution. ""We noticed that the fasting middle school students didn't enjoy sitting in the cafeteria with all the food, drinks and smells there,"" the principal explained. A now-bankrupt pizza chain says it struggled to give up a third of the pie.",https://yle.fi/a/74-20210481,2.1666666666666665,1
2026-02-15 14:10:27,All Points North,"Uber Eats coming to Finland this year, Financial Times reports","The US delivery giant is expanding its operations to seven European countries, including Finland. The US food delivery firm Uber Eats is expanding its operations in Europe, which include plans to enter the Finnish market. According to the Financial Times newspaper, the company will launch its service in seven European countries, including Finland, during this year. The delivery giant estimates that the expansion will lead to an additional one billion dollars in sales over the next three years. Spokesperson Susan Anderson told the FT that the company is relishing entering markets where established competitors are already present. ""We think it’s time to raise the bar, shake things up, and offer better value for money across the entire industry,"" Anderson said. The news of Uber Eats' intentions comes in the wake of Foodora announcing plans to wind down its operations in Finland, saying it will instead focus on countries where it can become the market leader. Finnish firm Wolt controls the lion's share of the delivery market in Finland. Uber Eats meanwhile has grown to become one of the largest food delivery services in the world since it was launched by ride-hailing company Uber in 2014. With election season approaching, Yle's political correspondent Marica Paukkeri says politicians' statements should be treated with caution. ""We noticed that the fasting middle school students didn't enjoy sitting in the cafeteria with all the food, drinks and smells there,"" the principal explained. A now-bankrupt pizza chain says it struggled to give up a third of the pie.",https://yle.fi/a/74-20210427,2.5,1
2026-02-15 11:46:01,All Points North,"Finland's 'Granny of the Year' moved from the US for love in 1965, and stayed — ""I decided not to give up""","Praised for her displays of 'sisu', Georgianna ""Johanna"" McCollam Oja says learning the Finnish language required a lot of perseverance and determination, but it was the key to her integration. Georgianna ""Johanna"" McCollam Oja's life took a dramatic and very unexpected turn when her aunt and uncle asked her to introduce her friends to a lonely Finnish man they knew in 1960s West Virginia. Born in Charleston in 1941, McCollam Oja was in her early 20s and just starting out in her career as a school teacher when she first met the Finnish man in question. ""I had a brand new, nice car, a Triumph. We drove around and got to know each other. Little by little, it happened that I ended up in Finland. I didn’t have time to find a girlfriend for him — I took that place myself,"" she recalls. The couple moved to Finland in 1965, and while it was quite a culture shock for a young woman used to the bustle of a city like Charleston, McCollam Oja decided she would do her best to adapt. ""I am who I am, and I’m quite persistent,"" she says, adding that she also received the nickname ""Johanna"" shortly after arriving in Finland. Because on Friday, ""Johanna"" was named Finland's 'Grandmother of the Year 2026' by Seurana, a firm that provides companionship and recreational services for elderly people across Finland. Georgianna McCollam Oja has now lived in Finland for over 60 years, and she says learning the language was the most difficult — yet most important — aspect of life here. She took language classes shortly after arriving, but found the Finnish she learned in the classroom to be almost a different language to the one she heard on the street. That's because the classes were teaching kirjakieli — the written form of the language — while she was hearing puhekieli (spoken language) everywhere else. Then one day everything suddenly clicked, she recounts. ""My husband asked another person about a wallet, ""onks tää sun"" (""is this yours""). It was like in a comic strip — bing!"" At that moment, she says, she realised that ""onks"" was ""onko"" (“is”), ""tää"" was ""tämä"" (""this""), and ""sun"" was ""sinun"" (""yours""). Once she cleared that obstacle, she was able to learn Finnish to a very high standard. Her family now consider her a model of Finnish sisu (determination in the face of adversity) — and she believes that learning Finnish required the largest amount of 'sisu'. ""Thanks to that, I am sitting here today. My best friend didn’t learn the language, so she returned to America. I decided not to give up,"" she says. Aside from learning the language, McCollam Oja says she has many cherished memories from 60 years of life in Finland. In 1980, President Urho Kekkonen invited her and her husband Pekka Oja to the Independence Day Ball at the Presidential Palace in Helsinki. Pekka Oja was at the time the future research director of the soon-to-be-founded UKK Institute. His job at the institute saw the family move from the capital region to Tampere. McCollam Oja still actively follows the news, both in Finland and in the US, and she says immigration is a topic that she takes a keen interest in. In her view, people should always have the opportunity to move from one country to another, especially — as in her case — because of love. ""When people want to be together, why shouldn’t they be? As long as they can agree on which country to settle in,"" she says. Although her own marriage later ended in divorce, the soon-to-be-85-year-old says she is very happy in Finland and doesn’t miss life in the US. But what advice does the 'Grandmother of the Year' have for the generations coming after her? ""Life is never easy. It is a rocky road that goes up and down. When the weather is good, you should enjoy it. When the weather is bad, you have to endure it,"" she says. With election season approaching, Yle's political correspondent Marica Paukkeri says politicians' statements should be treated with caution. ""We noticed that the fasting middle school students didn't enjoy sitting in the cafeteria with all the food, drinks and smells there,"" the principal explained. A now-bankrupt pizza chain says it struggled to give up a third of the pie.",https://yle.fi/a/74-20210415,3.0,1
2026-02-15 11:01:59,All Points North,FM Valtonen begins visit to Israel and the Palestinian territories,"Finland supports a two-state approach to achieving a ""lasting and peaceful solution between Israel and the Palestinians"", foreign minister Elina Valtonen said prior to her trip. Finland's Foreign Minister Elina Valtonen (NCP) began a two-day trip to Israel and the Palestinian territories on Sunday. Valtonen is scheduled to meet Israeli President Isaac Herzog and Minister for Foreign Affairs Gideon Sa'ar in Jerusalem, as well as Prime Minister of the Palestinian Authority Mohammad Mustafa in Ramallah. According to a press release from the foreign ministry, the discussions will focus on Finland’s bilateral relations with Israel and the Palestinian Authority as well as the Israeli-Palestinian conflict. ""Finland’s long-term policy is to support a two-state solution to achieve a lasting and peaceful solution between Israel and the Palestinians,"" Valtonen said in the press release. ""The discussions in Israel and the Palestinian territory will support this goal and strengthen our bilateral dialogue with both Israel and the Palestinian Authority."" During her visit, the minister will also meet Palestinian civil society actors and pay a visit to the World Holocaust Remembrance Center Yad Vashem. Prior to her trip, Valtonen attended the Munich Security Conference this weekend, where she was part of the Finnish delegation alongside Finnish President Alexander Stubb and Defence Minister Antti Häkkänen (NCP). After meeting with President Stubb on the sidelines of the conference, US Secretary of State Marco Rubio thanked Finland for ""pushing our Allies on defense spending commitments"" in a post on social media platform X. Valtonen had earlier welcomed Rubio's comments on the importance of the relationship between the United States and Europe, which the secretary of state made during his address to the conference on Saturday afternoon. With election season approaching, Yle's political correspondent Marica Paukkeri says politicians' statements should be treated with caution. ""We noticed that the fasting middle school students didn't enjoy sitting in the cafeteria with all the food, drinks and smells there,"" the principal explained. A now-bankrupt pizza chain says it struggled to give up a third of the pie.",https://yle.fi/a/74-20210405,3.4,1
2026-02-15 10:07:11,All Points North,Finland set for cold and crisp conditions as skiing holiday starts,"The skiing holiday, also known as the winter break, was introduced during the 1930s as a means of breaking up the long spring semester and to encourage children to participate in winter sports. With the week-long 'skiing holiday' — known as hiihtoloma in Finnish — set to begin for schools in the south from Monday, many people will be hoping for milder conditions and more snow. However, a prolonged period of high pressure has brought sunshine but freezing temperatures to Finland over the past few days, and that looks set to continue. According to Yle Meteorologist Anniina Valtonen, there is no major change in sight with temperatures not expected to rise above zero anywhere in the country over the coming days. However, Valtonen noted, cloud cover is expected to increase as the high pressure front moves southeast. ""Enjoy the sunshine now,"" is her advice. Although February is still considered a wintry month in Finland, the longer-term outlook for the next few weeks suggests warmer temperatures are on the horizon. The skiing holiday in Finland, also known as the winter break, is a week-long school holiday staggered over three weeks, depending on the region, between February and March. This year, for example, schools in the south will be on their break during week 8 (16-20 February) while schoolchildren in central areas will take theirs during week 9 and it will be week 10 for kids in the north. The holiday was first introduced during the 1930s as a means of breaking up the long spring semester and to encourage children to participate in winter sports, primarily skiing. The holiday typically sees Finnish families heading to other parts of the country, usually Finnish Lapland, or to destinations abroad. According to Fintraffic, Finland's traffic management agency, roads were quite busy on Friday and on Saturday as people travelled north from the Helsinki metropolitan area, Southwest Finland, and the Satakunta region. With election season approaching, Yle's political correspondent Marica Paukkeri says politicians' statements should be treated with caution. ""We noticed that the fasting middle school students didn't enjoy sitting in the cafeteria with all the food, drinks and smells there,"" the principal explained. A now-bankrupt pizza chain says it struggled to give up a third of the pie.",https://yle.fi/a/74-20210352,3.0,1
2026-02-15 08:57:58,All Points North,"""Finnish is my native language, yet people still speak to me in English"" – How international adoptees feel marginalised in Finland","International adoptees in Finland want their voices to be heard in discussions about Finnish identity, immigration, and working life. Sadhi Luokomaa has lived in Finland all her life. She speaks perfect Finnish, follows Finnish customs and traditions, and raises her two teenage sons the same way. Yet she often feels like an outsider. ""I have lived most of my life in Hämeenlinna, yet still people speak to me in English at first,"" Luokomaa said. This is because she was adopted at 11 months old and brought to Finland from the Indian city of Chennai. Luokomaa's experiences are not unique. Many international adoptees report feeling 'othered' in Finland because of how they look. Othering is defined as a process that labels individuals or groups as fundamentally different from, and inferior to, a dominant societal group. Anu-Rohima Mylläri, an advocate for adoptees, told Yle that many people adopted from abroad feel sidelined and frustrated as they would want to participate in discussions about Finnish identity, immigration, and working life. Myllari was herself adopted from Bangladesh in 1980, when she was two years old. She wrote a book about her experiences, called ""Adoptoitu"" (Adopted) in 2006, which deals with themes such as abandonment, prejudice, and racism. Tampere University researcher Anna Rastas welcomes the calls for a wider societal discussion in Finland about key issues such as the concept of family, children's rights, and racism — with international adoptees as participants, not just the subject matter. ""Adoptees have a kind of sharper radar for noticing structures and phenomena that often go unnoticed by the majority population,"" Rastas noted. ""They have a special understanding of, for example, how Finnishness is discussed and how differences can be handled. They recognise the times when Finnishness is defined narrowly."" However, many adopted adults feel their Finnishness is neither recognised nor accepted. Instead, there is a hierarchy of which people are accepted and which are not. ""Adoptees concretely show that language skills do not determine inclusion or exclusion, but rather a lack of acceptance of difference, and often outright racism,"" Rastas added. Previous studies have shown that applicants with foreign-sounding names have a much harder time being called to a job interview than people with Finnish-sounding names, even if their CV's are identical. According to University of Helsinki Professor Suvi Keskinen, there is a problem in Finnish society: the definition of Finnishness is tied to whiteness, and belonging to Finland is interpreted based on appearance and skin colour. ""The problem is in the narrow definition of Finnishness. Only certain types of families and people of a certain appearance fit into it,"" Keskinen said. She pointed to the example of Denmark, where international adoptees are more often included in discussions about national identity. Sadhi Luokomaa told Yle that she often encounters situations where she is expected to be grateful for being able to come to Finland. The same sentiment also comes up during discussions about immigrants. ""I have thought that this should already be a thing of the past, this old-fashioned thinking, but yes, I still encounter it sometimes,"" she said. Luokomaa is one of the first generation of adoptees to Finland, and she has developed her own coping strategies for how to deal with these incidents of othering. ""The first question is always, where are you from? When I was younger, I always answered, but now as an adult, I have learned to set boundaries. I am not accountable to tell my story to everyone,"" she said. According to Anna Rastas, societal discussion in Finland has become too polarised and exclusionary, especially as the Finnish government continues to tighten legislation about who can become Finnish — and who cannot. ""This is a big concern, and this discussion needs everyone, including adoptees and immigrants,"" Rastas said. The All Points North podcast recently asked if Finland is making integration too difficult. Listen to the episode via this embedded player, on Yle Areena, via Apple, Spotify or wherever you get your podcasts. With election season approaching, Yle's political correspondent Marica Paukkeri says politicians' statements should be treated with caution. ""We noticed that the fasting middle school students didn't enjoy sitting in the cafeteria with all the food, drinks and smells there,"" the principal explained. A now-bankrupt pizza chain says it struggled to give up a third of the pie.",https://yle.fi/a/74-20210321,2.7777777777777777,1
2026-02-14 13:25:08,All Points North,Finland welcomes Marco Rubio's comments on transatlantic unity,"The US Secretary of State spoke of the importance of US-European relations during his speech at the Munich Security Conference on Saturday. Finland's political leaders have welcomed comments by US Secretary of State Marco Rubio on transatlantic unity during his speech at the Munich Security Conference on Saturday. ""In a time of headlines heralding the end of the transatlantic era, let it be known and clear to all that this is neither our goal nor our wish, because for us Americans, our home may be in the western hemisphere, but we will always be a child of Europe,"" Rubio said. Finnish foreign minister Elina Valtonen (NCP) told reporters that Rubio's speech was ""exactly what has been needed both in Europe and in the United States"", adding that it was a welcome change in tone compared to the rhetoric at the World Economic Forum (WEF) in Davos last month. ""Now there was a clear gesture of outreach; this is a good basis on which to continue,"" Valtonen said, noting that Rubio repeatedly used the word ""together"". News agency Reuters reported however that Rubio's speech was ""notably short on specifics"", as he did not mention Russia once during his half-hour address nor did he specifically refer to Nato by using the alliance's name. Finnish President Alexander Stubb is also attending the conference, and he is due to meet with Rubio later on Saturday. The pair encountered each other briefly as Stubb was leaving The Economist's on-site studio at the summit, just as Rubio was arriving. Altogether nearly 50 heads of state and government are attending this year's annual conference, which aims to promote conflict resolution via improved international cooperation and dialogue. With election season approaching, Yle's political correspondent Marica Paukkeri says politicians' statements should be treated with caution. ""We noticed that the fasting middle school students didn't enjoy sitting in the cafeteria with all the food, drinks and smells there,"" the principal explained. A now-bankrupt pizza chain says it struggled to give up a third of the pie.",https://yle.fi/a/74-20210324,2.4,1
2026-02-14 10:14:36,All Points North,Finland celebrates friendship and community on 14 February,"A survey last year found that Finnish people have an average of four close friends and a total average of 11 friends. While 14 February is exclusively reserved for people in romantic relationships in many other countries, Finland takes a different tack. Since 1987, the date — known in Finnish as ystävänpäivä (literally ""Friend’s Day"") — has instead been considered a celebration of friendship and close community. This means that many people in Finland exchange messages and even gifts with their close friends on 14 February. In addition, 'ystävänpäivä' events have become increasingly popular in recent years, with groups gathering together for activities such as bowling, downhill sledding or — of course — going to the sauna. A survey commissioned by the Family Federation of Finland NGO last year found that Finnish people have a total average of 11 friends, with four of that number being 'close friends'. However, a more recent poll found that a growing number of people in Finland report feelings of loneliness, with younger age groups (16-24 and 25-34) particularly susceptible. With election season approaching, Yle's political correspondent Marica Paukkeri says politicians' statements should be treated with caution. ""We noticed that the fasting middle school students didn't enjoy sitting in the cafeteria with all the food, drinks and smells there,"" the principal explained. A now-bankrupt pizza chain says it struggled to give up a third of the pie.",https://yle.fi/a/74-20210318,3.0,1
2026-02-14 09:40:44,All Points North,"Drunk Swedish man steals courier's car, tries to drive across Finnish-Russian border","The suspect faces a slew of potential charges, including a border violation, aggravated drunk driving, and payment fraud. Finnish border authorities have detained a Swedish national on suspicion that he stole a car, drove it while under the influence of alcohol, and then attempted to illegally cross the border into Russia. Investigators believe the saga began when the man stole a food courier’s vehicle in Rovaniemi last Sunday. The courier's bank card was in the car, which it is understood the man used to make small purchases at a local gas station. On Monday, the suspect arrived at a temporarily closed border crossing near the town of Salla, on the Finnish-Russian border, and attempted to climb over a gate into the restricted access zone between the two border checkpoints. He was apprehended by a border patrol while trying to scale the fence. The border guard then performed a breathalyzer test, which showed the man had a blood alcohol level exceeding the limit for aggravated drunk driving. He was handed over to Finnish police, and he underwent a blood test to more accurately determine his fitness to drive. The man also informed the border guards that his intention was to enter Russia. He now faces a slew of potential charges, including a border violation, aggravated drunk driving, unauthorised use of a motor vehicle, and payment fraud. The case is being investigated by the Lapland Police Department and the Lapland Border Guard. With election season approaching, Yle's political correspondent Marica Paukkeri says politicians' statements should be treated with caution. ""We noticed that the fasting middle school students didn't enjoy sitting in the cafeteria with all the food, drinks and smells there,"" the principal explained. A now-bankrupt pizza chain says it struggled to give up a third of the pie.",https://yle.fi/a/74-20210310,1.75,1
2026-02-14 09:19:53,All Points North,USU: Finns losing confidence in Nato security guarantees,"Distrust towards the current US administration has undermined Finns' overall confidence in Nato, according to one foreign policy specialist. Fewer than half of Finns say they have faith in the Nato military alliance, according to the results of a survey commissioned by the Uutissuomalainen (USU) news group. Some 46 percent of respondents to the poll said they trust the alliance, while 32 percent said they do not. One in five meanwhile preferred not to give their opinion. The survey also found that men were more likely to have faith in Nato, with 55 percent expressing that view, compared to just 37 percent for women. In addition, supporters of the Finnish coalition government's two biggest parties — National Coalition Party and the Finns Party — also placed far more trust in the alliance, polling around 70 percent for both groups. The least amount of trust was found to be among Left Alliance voters, at just 18 percent, with 63 percent of that cohort saying they did not believe that Nato would guarantee the security of Finland and Europe. Iro Särkkä, a Senior Research Fellow at the Finnish Institute of International Affairs, told USU that distrust of the current US administration has undermined Finns' overall confidence in Nato. The survey was conducted by Iro Research on behalf of USU between 20 and 28 January 20. A total of 1,000 people responded to the poll and the margin of error is 3.1 percentage points in either direction. With election season approaching, Yle's political correspondent Marica Paukkeri says politicians' statements should be treated with caution. ""We noticed that the fasting middle school students didn't enjoy sitting in the cafeteria with all the food, drinks and smells there,"" the principal explained. A now-bankrupt pizza chain says it struggled to give up a third of the pie.",https://yle.fi/a/74-20210302,1.5,1
